date,actual,predicted,train_flag
2010-07-29,742.63,,1
2010-07-30,735.15,,1
2010-08-02,731.7,,1
2010-08-03,710.52,,1
2010-08-04,712.03,,1
2010-08-05,727.87,,1
2010-08-06,732.17,,1
2010-08-09,737.98,,1
2010-08-10,730.92,,1
2010-08-11,724.62,,1
2010-08-12,721.82,,1
2010-08-13,727.91,,1
2010-08-16,727.61,,1
2010-08-17,727.61,,1
2010-08-18,731.81,,1
2010-08-19,739.81,,1
2010-08-20,742.68,,1
2010-08-23,745.46,,1
2010-08-24,741.9,,1
2010-08-25,747.72,,1
2010-08-26,748.72,,1
2010-08-27,737.91,,1
2010-08-30,736.5,,1
2010-08-31,731.89,,1
2010-09-01,745.67,,1
2010-09-02,741.07,,1
2010-09-03,751.08,,1
2010-09-06,763.22,,1
2010-09-07,765.89,,1
2010-09-08,765.89,,1
2010-09-09,765.89,,1
2010-09-10,765.89,,1
2010-09-13,765.89,,1
2010-09-14,765.89,,1
2010-09-15,800.19,,1
2010-09-16,795.93,,1
2010-09-17,805.14,,1
2010-09-20,800.39,,1
2010-09-21,796.62,,1
2010-09-22,791.91,,1
2010-09-23,790.05,,1
2010-09-24,805.25,,1
2010-09-27,819.99,,1
2010-09-28,819.09,,1
2010-09-29,824.04,,1
2010-09-30,823.41,,1
2010-10-01,835.41,,1
2010-10-04,840.62,,1
2010-10-05,845.65,,1
2010-10-06,849.05,,1
2010-10-07,843.94,,1
2010-10-08,832.85,,1
2010-10-11,834.81,,1
2010-10-12,834.69,,1
2010-10-13,849.8,,1
2010-10-14,852.17,,1
2010-10-15,846.49,,1
2010-10-18,838.59,,1
2010-10-19,845.13,,1
2010-10-20,841.72,,1
2010-10-21,843.01,,1
2010-10-22,845.92,,1
2010-10-25,856.92,,1
2010-10-26,859.92,,1
2010-10-27,851.83,,1
2010-10-28,853.66,,1
2010-10-29,853.36,,1
2010-11-01,855.09,,1
2010-11-02,849.28,,1
2010-11-03,842.84,,1
2010-11-04,849.68,,1
2010-11-05,856.15,,1
2010-11-08,866.61,,1
2010-11-09,877.82,,1
2010-11-10,880.95,,1
2010-11-11,876.6,,1
2010-11-12,857.45,,1
2010-11-15,854.17,,1
2010-11-16,858.66,,1
2010-11-17,858.66,,1
2010-11-18,860.73,,1
2010-11-19,871.57,,1
2010-11-22,874.57,,1
2010-11-23,858.97,,1
2010-11-24,854.8,,1
2010-11-25,865.46,,1
2010-11-26,849.12,,1
2010-11-29,846.94,,1
2010-11-30,820.08,,1
2010-12-01,842.2,,1
2010-12-02,862.02,,1
2010-12-03,862.58,,1
2010-12-06,869.82,,1
2010-12-07,869.82,,1
2010-12-08,882.84,,1
2010-12-09,886.07,,1
2010-12-10,876.05,,1
2010-12-13,859.76,,1
2010-12-14,859.0,,1
2010-12-15,851.33,,1
2010-12-16,827.46,,1
2010-12-17,829.51,,1
2010-12-20,827.49,,1
2010-12-21,845.99,,1
2010-12-22,841.41,,1
2010-12-23,839.04,,1
2010-12-24,839.04,,1
2010-12-27,843.51,,1
2010-12-28,852.37,,1
2010-12-29,860.87,,1
2010-12-30,860.7,,1
2010-12-31,860.7,,1
2011-01-03,866.71,,1
2011-01-04,871.65,,1
2011-01-05,877.33,,1
2011-01-06,863.13,,1
2011-01-07,833.95,,1
2011-01-10,793.73,,1
2011-01-11,787.55,,1
2011-01-12,813.88,,1
2011-01-13,817.11,,1
2011-01-14,816.79,,1
2011-01-17,808.13,,1
2011-01-18,810.54,,1
2011-01-19,807.3,,1
2011-01-20,787.39,,1
2011-01-21,768.49,,1
2011-01-24,760.77,,1
2011-01-25,783.84,,1
2011-01-26,802.03,,1
2011-01-27,806.98,,1
2011-01-28,801.89,,1
2011-01-31,782.23,,1
2011-02-01,790.63,,1
2011-02-02,799.57,,1
2011-02-03,799.57,,1
2011-02-04,803.48,,1
2011-02-07,803.12,,1
2011-02-08,796.13,,1
2011-02-09,785.31,,1
2011-02-10,773.71,,1
2011-02-11,779.37,,1
2011-02-14,786.74,,1
2011-02-15,786.74,,1
2011-02-16,787.51,,1
2011-02-17,791.82,,1
2011-02-18,809.16,,1
2011-02-21,808.44,,1
2011-02-22,797.23,,1
2011-02-23,804.13,,1
2011-02-24,793.47,,1
2011-02-25,794.1,,1
2011-02-28,802.32,,1
2011-03-01,802.32,,1
2011-03-02,807.21,,1
2011-03-03,808.86,,1
2011-03-04,822.14,,1
2011-03-07,827.28,,1
2011-03-08,830.27,,1
2011-03-09,834.62,,1
2011-03-10,831.71,,1
2011-03-11,819.89,,1
2011-03-14,827.1,,1
2011-03-15,815.56,,1
2011-03-16,816.4,,1
2011-03-17,803.62,,1
2011-03-18,805.93,,1
2011-03-21,814.09,,1
2011-03-22,814.09,,1
2011-03-23,823.77,,1
2011-03-24,838.09,,1
2011-03-25,837.32,,1
2011-03-28,834.64,,1
2011-03-29,831.51,,1
2011-03-30,841.95,,1
2011-03-31,851.88,,1
2011-04-01,858.82,,1
2011-04-04,855.55,,1
2011-04-05,851.75,,1
2011-04-06,861.49,,1
2011-04-07,863.25,,1
2011-04-08,865.4,,1
2011-04-11,866.15,,1
2011-04-12,859.15,,1
2011-04-13,863.22,,1
2011-04-14,856.54,,1
2011-04-15,862.38,,1
2011-04-18,861.74,,1
2011-04-19,862.98,,1
2011-04-20,879.78,,1
2011-04-21,880.23,,1
2011-04-22,880.23,,1
2011-04-25,880.23,,1
2011-04-26,872.99,,1
2011-04-27,880.31,,1
2011-04-28,880.25,,1
2011-04-29,880.53,,1
2011-05-02,888.38,,1
2011-05-03,879.26,,1
2011-05-04,879.25,,1
2011-05-05,878.72,,1
2011-05-06,874.06,,1
2011-05-09,870.4,,1
2011-05-10,874.3,,1
2011-05-11,884.96,,1
2011-05-12,876.01,,1
2011-05-13,882.02,,1
2011-05-16,874.22,,1
2011-05-17,874.22,,1
2011-05-18,884.66,,1
2011-05-19,889.67,,1
2011-05-20,892.75,,1
2011-05-23,869.24,,1
2011-05-24,870.0,,1
2011-05-25,868.58,,1
2011-05-26,876.75,,1
2011-05-27,879.34,,1
2011-05-30,878.36,,1
2011-05-31,881.25,,1
2011-06-01,881.04,,1
2011-06-02,881.04,,1
2011-06-03,883.96,,1
2011-06-06,881.53,,1
2011-06-07,883.38,,1
2011-06-08,878.27,,1
2011-06-09,872.09,,1
2011-06-10,867.67,,1
2011-06-13,859.38,,1
2011-06-14,864.33,,1
2011-06-15,870.61,,1
2011-06-16,858.01,,1
2011-06-17,854.49,,1
2011-06-20,856.44,,1
2011-06-21,871.75,,1
2011-06-22,878.56,,1
2011-06-23,878.59,,1
2011-06-24,884.25,,1
2011-06-27,875.82,,1
2011-06-28,879.8,,1
2011-06-29,879.8,,1
2011-06-30,894.91,,1
2011-07-01,903.86,,1
2011-07-04,903.86,,1
2011-07-05,901.62,,1
2011-07-06,897.45,,1
2011-07-07,903.0,,1
2011-07-08,920.21,,1
2011-07-11,917.58,,1
2011-07-12,903.72,,1
2011-07-13,913.05,,1
2011-07-14,916.15,,1
2011-07-15,922.08,,1
2011-07-18,923.26,,1
2011-07-19,918.45,,1
2011-07-20,923.91,,1
2011-07-21,928.38,,1
2011-07-22,938.11,,1
2011-07-25,932.66,,1
2011-07-26,944.33,,1
2011-07-27,956.1,,1
2011-07-28,947.61,,1
2011-07-29,942.95,,1
2011-08-01,958.74,,1
2011-08-02,954.84,,1
2011-08-03,944.8,,1
2011-08-04,940.7,,1
2011-08-05,893.72,,1
2011-08-08,893.72,,1
2011-08-09,850.45,,1
2011-08-10,881.45,,1
2011-08-11,882.4,,1
2011-08-12,887.06,,1
2011-08-15,903.1,,1
2011-08-16,903.1,,1
2011-08-17,903.1,,1
2011-08-18,918.75,,1
2011-08-19,874.97,,1
2011-08-22,873.04,,1
2011-08-23,882.61,,1
2011-08-24,874.51,,1
2011-08-25,872.89,,1
2011-08-26,872.31,,1
2011-08-29,872.31,,1
2011-08-30,872.31,,1
2011-08-31,872.31,,1
2011-09-01,872.31,,1
2011-09-02,872.31,,1
2011-09-05,879.82,,1
2011-09-06,885.89,,1
2011-09-07,913.58,,1
2011-09-08,913.66,,1
2011-09-09,909.48,,1
2011-09-12,909.48,,1
2011-09-13,878.72,,1
2011-09-14,859.95,,1
2011-09-15,854.12,,1
2011-09-16,869.13,,1
2011-09-19,849.2,,1
2011-09-20,849.22,,1
2011-09-21,835.65,,1
2011-09-22,754.97,,1
2011-09-23,770.42,,1
2011-09-26,745.08,,1
2011-09-27,783.33,,1
2011-09-28,793.95,,1
2011-09-29,800.15,,1
2011-09-30,802.72,,1
2011-10-03,754.91,,1
2011-10-04,735.72,,1
2011-10-05,741.45,,1
2011-10-06,777.72,,1
2011-10-07,773.08,,1
2011-10-10,779.65,,1
2011-10-11,799.88,,1
2011-10-12,826.58,,1
2011-10-13,836.07,,1
2011-10-14,833.0,,1
2011-10-17,848.94,,1
2011-10-18,823.03,,1
2011-10-19,838.97,,1
2011-10-20,823.42,,1
2011-10-21,822.58,,1
2011-10-24,844.41,,1
2011-10-25,845.21,,1
2011-10-26,852.36,,1
2011-10-27,869.36,,1
2011-10-28,874.24,,1
2011-10-31,864.11,,1
2011-11-01,837.28,,1
2011-11-02,857.59,,1
2011-11-03,843.02,,1
2011-11-04,862.23,,1
2011-11-07,860.61,,1
2011-11-08,867.18,,1
2011-11-09,880.94,,1
2011-11-10,862.1,,1
2011-11-11,860.02,,1
2011-11-14,873.3,,1
2011-11-15,873.3,,1
2011-11-16,868.25,,1
2011-11-17,862.01,,1
2011-11-18,851.64,,1
2011-11-21,832.48,,1
2011-11-22,846.46,,1
2011-11-23,834.82,,1
2011-11-24,837.42,,1
2011-11-25,822.71,,1
2011-11-28,824.69,,1
2011-11-29,835.33,,1
2011-11-30,840.1,,1
2011-12-01,856.77,,1
2011-12-02,857.26,,1
2011-12-05,857.24,,1
2011-12-06,851.0,,1
2011-12-07,860.65,,1
2011-12-08,856.9,,1
2011-12-09,851.01,,1
2011-12-12,859.48,,1
2011-12-13,851.56,,1
2011-12-14,849.22,,1
2011-12-15,836.69,,1
2011-12-16,853.25,,1
2011-12-19,854.22,,1
2011-12-20,850.71,,1
2011-12-21,860.85,,1
2011-12-22,861.41,,1
2011-12-23,861.61,,1
2011-12-26,861.61,,1
2011-12-27,859.59,,1
2011-12-28,852.8,,1
2011-12-29,862.34,,1
2011-12-30,865.2,,1
2012-01-02,861.88,,1
2012-01-03,874.19,,1
2012-01-04,887.25,,1
2012-01-05,886.96,,1
2012-01-06,877.28,,1
2012-01-09,882.81,,1
2012-01-10,894.72,,1
2012-01-11,887.28,,1
2012-01-12,886.93,,1
2012-01-13,891.99,,1
2012-01-16,884.8,,1
2012-01-17,894.96,,1
2012-01-18,894.96,,1
2012-01-19,906.8,,1
2012-01-20,903.27,,1
2012-01-23,903.27,,1
2012-01-24,905.95,,1
2012-01-25,897.51,,1
2012-01-26,902.99,,1
2012-01-27,903.44,,1
2012-01-30,903.44,,1
2012-01-31,891.16,,1
2012-02-01,896.51,,1
2012-02-02,908.07,,1
2012-02-03,908.39,,1
2012-02-06,897.83,,1
2012-02-07,893.45,,1
2012-02-08,901.68,,1
2012-02-09,898.79,,1
2012-02-10,881.61,,1
2012-02-13,894.42,,1
2012-02-14,891.7,,1
2012-02-15,891.25,,1
2012-02-16,884.35,,1
2012-02-17,896.99,,1
2012-02-20,898.35,,1
2012-02-21,901.62,,1
2012-02-22,899.76,,1
2012-02-23,889.87,,1
2012-02-24,873.63,,1
2012-02-27,864.99,,1
2012-02-28,875.97,,1
2012-02-29,897.49,,1
2012-03-01,891.17,,1
2012-03-02,901.44,,1
2012-03-05,896.29,,1
2012-03-06,896.29,,1
2012-03-07,884.22,,1
2012-03-08,890.45,,1
2012-03-09,896.17,,1
2012-03-12,895.74,,1
2012-03-13,900.46,,1
2012-03-14,911.8,,1
2012-03-15,908.13,,1
2012-03-16,905.57,,1
2012-03-19,904.88,,1
2012-03-20,903.8,,1
2012-03-21,907.47,,1
2012-03-22,908.42,,1
2012-03-23,908.42,,1
2012-03-26,906.11,,1
2012-03-27,917.38,,1
2012-03-28,920.27,,1
2012-03-29,923.41,,1
2012-03-30,927.44,,1
2012-04-02,938.27,,1
2012-04-03,951.1,,1
2012-04-04,928.16,,1
2012-04-05,935.74,,1
2012-04-06,935.74,,1
2012-04-09,931.66,,1
2012-04-10,929.33,,1
2012-04-11,924.23,,1
2012-04-12,927.37,,1
2012-04-13,932.09,,1
2012-04-16,926.71,,1
2012-04-17,929.79,,1
2012-04-18,931.13,,1
2012-04-19,928.85,,1
2012-04-20,933.71,,1
2012-04-23,926.79,,1
2012-04-24,929.71,,1
2012-04-25,928.13,,1
2012-04-26,933.6,,1
2012-04-27,929.09,,1
2012-04-30,932.14,,1
2012-05-01,932.14,,1
2012-05-02,935.64,,1
2012-05-03,941.35,,1
2012-05-04,938.33,,1
2012-05-07,925.33,,1
2012-05-08,930.23,,1
2012-05-09,916.28,,1
2012-05-10,917.52,,1
2012-05-11,912.84,,1
2012-05-14,899.05,,1
2012-05-15,896.75,,1
2012-05-16,880.52,,1
2012-05-17,880.52,,1
2012-05-18,880.52,,1
2012-05-21,869.03,,1
2012-05-22,888.7,,1
2012-05-23,879.52,,1
2012-05-24,880.35,,1
2012-05-25,859.85,,1
2012-05-28,864.06,,1
2012-05-29,864.02,,1
2012-05-30,864.69,,1
2012-05-31,841.57,,1
2012-06-01,834.36,,1
2012-06-04,799.94,,1
2012-06-05,816.26,,1
2012-06-06,848.1,,1
2012-06-07,847.84,,1
2012-06-08,844.88,,1
2012-06-11,854.8,,1
2012-06-12,852.49,,1
2012-06-13,854.28,,1
2012-06-14,837.55,,1
2012-06-15,845.54,,1
2012-06-18,845.54,,1
2012-06-19,860.24,,1
2012-06-20,875.69,,1
2012-06-21,864.19,,1
2012-06-22,859.62,,1
2012-06-25,850.61,,1
2012-06-26,856.73,,1
2012-06-27,869.78,,1
2012-06-28,857.59,,1
2012-06-29,874.45,,1
2012-07-02,883.83,,1
2012-07-03,899.3,,1
2012-07-04,906.08,,1
2012-07-05,903.06,,1
2012-07-06,899.52,,1
2012-07-09,881.5,,1
2012-07-10,887.47,,1
2012-07-11,890.28,,1
2012-07-12,859.62,,1
2012-07-13,890.04,,1
2012-07-16,896.55,,1
2012-07-17,905.12,,1
2012-07-18,905.1,,1
2012-07-19,908.32,,1
2012-07-20,903.49,,1
2012-07-23,885.71,,1
2012-07-24,880.8,,1
2012-07-25,882.16,,1
2012-07-26,883.74,,1
2012-07-27,905.08,,1
2012-07-30,908.15,,1
2012-07-31,919.66,,1
2012-08-01,916.44,,1
2012-08-02,907.03,,1
2012-08-03,908.85,,1
2012-08-06,909.76,,1
2012-08-07,904.59,,1
2012-08-08,906.1,,1
2012-08-09,916.11,,1
2012-08-10,919.96,,1
2012-08-13,910.09,,1
2012-08-14,914.49,,1
2012-08-15,919.22,,1
2012-08-16,923.56,,1
2012-08-17,923.56,,1
2012-08-20,923.56,,1
2012-08-21,923.56,,1
2012-08-22,923.56,,1
2012-08-23,923.62,,1
2012-08-24,918.63,,1
2012-08-27,918.63,,1
2012-08-28,916.93,,1
2012-08-29,904.61,,1
2012-08-30,887.32,,1
2012-08-31,895.84,,1
2012-09-03,909.41,,1
2012-09-04,906.33,,1
2012-09-05,899.01,,1
2012-09-06,905.78,,1
2012-09-07,915.36,,1
2012-09-10,920.31,,1
2012-09-11,918.94,,1
2012-09-12,923.19,,1
2012-09-13,921.76,,1
2012-09-14,942.96,,1
2012-09-17,942.69,,1
2012-09-18,935.84,,1
2012-09-19,940.51,,1
2012-09-20,932.68,,1
2012-09-21,940.43,,1
2012-09-24,929.19,,1
2012-09-25,937.04,,1
2012-09-26,925.59,,1
2012-09-27,936.15,,1
2012-09-28,945.09,,1
2012-10-01,938.98,,1
2012-10-02,944.22,,1
2012-10-03,942.66,,1
2012-10-04,949.22,,1
2012-10-05,959.07,,1
2012-10-08,950.28,,1
2012-10-09,953.3,,1
2012-10-10,953.19,,1
2012-10-11,954.3,,1
2012-10-12,961.39,,1
2012-10-15,961.32,,1
2012-10-16,965.49,,1
2012-10-17,967.63,,1
2012-10-18,971.97,,1
2012-10-19,965.05,,1
2012-10-22,967.45,,1
2012-10-23,964.04,,1
2012-10-24,965.0,,1
2012-10-25,965.83,,1
2012-10-26,965.83,,1
2012-10-29,964.22,,1
2012-10-30,971.9,,1
2012-10-31,967.54,,1
2012-11-01,963.47,,1
2012-11-02,964.05,,1
2012-11-05,954.85,,1
2012-11-06,957.57,,1
2012-11-07,967.66,,1
2012-11-08,961.42,,1
2012-11-09,962.63,,1
2012-11-12,958.86,,1
2012-11-13,961.45,,1
2012-11-14,965.86,,1
2012-11-15,965.86,,1
2012-11-16,965.86,,1
2012-11-19,955.83,,1
2012-11-20,955.33,,1
2012-11-21,954.94,,1
2012-11-22,959.49,,1
2012-11-23,962.33,,1
2012-11-26,969.28,,1
2012-11-27,959.47,,1
2012-11-28,950.17,,1
2012-11-29,954.32,,1
2012-11-30,941.71,,1
2012-12-03,950.01,,1
2012-12-04,940.08,,1
2012-12-05,943.78,,1
2012-12-06,944.37,,1
2012-12-07,943.83,,1
2012-12-10,947.57,,1
2012-12-11,951.45,,1
2012-12-12,957.66,,1
2012-12-13,953.68,,1
2012-12-14,950.03,,1
2012-12-17,951.5,,1
2012-12-18,948.65,,1
2012-12-19,942.04,,1
2012-12-20,936.32,,1
2012-12-21,935.61,,1
2012-12-24,935.61,,1
2012-12-25,935.61,,1
2012-12-26,940.88,,1
2012-12-27,940.94,,1
2012-12-28,946.27,,1
2012-12-31,946.27,,1
2013-01-01,946.27,,1
2013-01-02,955.02,,1
2013-01-03,940.88,,1
2013-01-04,971.7,,1
2013-01-07,968.15,,1
2013-01-08,970.36,,1
2013-01-09,961.16,,1
2013-01-10,948.97,,1
2013-01-11,945.25,,1
2013-01-14,945.25,,1
2013-01-15,969.97,,1
2013-01-16,972.14,,1
2013-01-17,967.51,,1
2013-01-18,984.88,,1
2013-01-21,976.81,,1
2013-01-22,976.81,,1
2013-01-23,970.29,,1
2013-01-24,970.29,,1
2013-01-25,974.81,,1
2013-01-28,970.37,,1
2013-01-29,974.87,,1
2013-01-30,978.86,,1
2013-01-31,979.61,,1
2013-02-01,986.16,,1
2013-02-04,988.08,,1
2013-02-05,985.53,,1
2013-02-06,990.32,,1
2013-02-07,990.33,,1
2013-02-08,988.05,,1
2013-02-11,990.49,,1
2013-02-12,1001.4,,1
2013-02-13,1007.83,,1
2013-02-14,1012.02,,1
2013-02-15,1016.43,,1
2013-02-18,1016.22,,1
2013-02-19,1013.23,,1
2013-02-20,1019.27,,1
2013-02-21,1018.49,,1
2013-02-22,1023.37,,1
2013-02-25,1035.44,,1
2013-02-26,1027.12,,1
2013-02-27,1041.06,,1
2013-02-28,1061.16,,1
2013-03-01,1065.21,,1
2013-03-04,1052.22,,1
2013-03-05,1049.32,,1
2013-03-06,1067.71,,1
2013-03-07,1072.22,,1
2013-03-08,1077.41,,1
2013-03-11,1077.41,,1
2013-03-12,1077.41,,1
2013-03-13,1065.99,,1
2013-03-14,1052.95,,1
2013-03-15,1060.28,,1
2013-03-18,1057.63,,1
2013-03-19,1061.89,,1
2013-03-20,1064.09,,1
2013-03-21,1055.08,,1
2013-03-22,1033.59,,1
2013-03-25,1047.78,,1
2013-03-26,1059.08,,1
2013-03-27,1078.98,,1
2013-03-28,1081.6,,1
2013-03-29,1081.6,,1
2013-04-01,1078.74,,1
2013-04-02,1083.07,,1
2013-04-03,1089.97,,1
2013-04-04,1074.75,,1
2013-04-05,1075.17,,1
2013-04-08,1068.32,,1
2013-04-09,1069.31,,1
2013-04-10,1063.13,,1
2013-04-11,1075.61,,1
2013-04-12,1078.06,,1
2013-04-15,1067.52,,1
2013-04-16,1081.51,,1
2013-04-17,1093.43,,1
2013-04-18,1096.57,,1
2013-04-19,1093.44,,1
2013-04-22,1093.14,,1
2013-04-23,1087.37,,1
2013-04-24,1096.9,,1
2013-04-25,1093.29,,1
2013-04-26,1087.9,,1
2013-04-29,1094.73,,1
2013-04-30,1104.31,,1
2013-05-01,1109.42,,1
2013-05-02,1092.59,,1
2013-05-03,1075.57,,1
2013-05-06,1090.8,,1
2013-05-07,1102.22,,1
2013-05-08,1109.99,,1
2013-05-09,1109.99,,1
2013-05-10,1113.11,,1
2013-05-13,1101.07,,1
2013-05-14,1108.21,,1
2013-05-15,1108.36,,1
2013-05-16,1106.23,,1
2013-05-17,1122.75,,1
2013-05-20,1140.33,,1
2013-05-21,1133.97,,1
2013-05-22,1136.99,,1
2013-05-23,1115.87,,1
2013-05-24,1123.77,,1
2013-05-27,1104.07,,1
2013-05-28,1126.62,,1
2013-05-29,1131.87,,1
2013-05-30,1111.69,,1
2013-05-31,1093.01,,1
2013-06-03,1070.23,,1
2013-06-04,1084.97,,1
2013-06-05,1078.72,,1
2013-06-06,1078.72,,1
2013-06-07,1042.4,,1
2013-06-10,1022.84,,1
2013-06-11,983.56,,1
2013-06-12,1008.2,,1
2013-06-13,986.25,,1
2013-06-14,1024.98,,1
2013-06-17,1026.93,,1
2013-06-18,1041.67,,1
2013-06-19,1031.38,,1
2013-06-20,987.49,,1
2013-06-21,956.79,,1
2013-06-24,939.25,,1
2013-06-25,936.22,,1
2013-06-26,979.2,,1
2013-06-27,1002.75,,1
2013-06-28,1039.84,,1
2013-07-01,1028.67,,1
2013-07-02,1015.64,,1
2013-07-03,978.47,,1
2013-07-04,980.65,,1
2013-07-05,986.84,,1
2013-07-08,944.32,,1
2013-07-09,938.22,,1
2013-07-10,958.71,,1
2013-07-11,990.13,,1
2013-07-12,997.73,,1
2013-07-15,998.21,,1
2013-07-16,999.74,,1
2013-07-17,1008.14,,1
2013-07-18,1018.47,,1
2013-07-19,1018.52,,1
2013-07-22,1004.31,,1
2013-07-23,1027.9,,1
2013-07-24,1015.54,,1
2013-07-25,1003.86,,1
2013-07-26,1000.22,,1
2013-07-29,981.55,,1
2013-07-30,990.0,,1
2013-07-31,989.56,,1
2013-08-01,992.95,,1
2013-08-02,995.57,,1
2013-08-05,995.57,,1
2013-08-06,995.57,,1
2013-08-07,995.57,,1
2013-08-08,995.57,,1
2013-08-09,995.57,,1
2013-08-12,984.67,,1
2013-08-13,999.9,,1
2013-08-14,1011.43,,1
2013-08-15,1006.36,,1
2013-08-16,977.47,,1
2013-08-19,915.41,,1
2013-08-20,885.49,,1
2013-08-21,895.63,,1
2013-08-22,885.79,,1
2013-08-23,885.4,,1
2013-08-26,872.21,,1
2013-08-27,836.7,,1
2013-08-28,853.33,,1
2013-08-29,872.2,,1
2013-08-30,895.36,,1
2013-09-02,871.35,,1
2013-09-03,887.18,,1
2013-09-04,865.73,,1
2013-09-05,860.07,,1
2013-09-06,866.78,,1
2013-09-09,897.17,,1
2013-09-10,940.9,,1
2013-09-11,938.14,,1
2013-09-12,938.44,,1
2013-09-13,941.52,,1
2013-09-16,977.97,,1
2013-09-17,976.6,,1
2013-09-18,961.38,,1
2013-09-19,1013.21,,1
2013-09-20,989.97,,1
2013-09-23,984.44,,1
2013-09-24,957.79,,1
2013-09-25,943.94,,1
2013-09-26,943.7,,1
2013-09-27,947.82,,1
2013-09-30,917.59,,1
2013-10-01,927.22,,1
2013-10-02,938.8,,1
2013-10-03,945.98,,1
2013-10-04,939.05,,1
2013-10-07,936.37,,1
2013-10-08,950.28,,1
2013-10-09,957.24,,1
2013-10-10,964.53,,1
2013-10-11,974.03,,1
2013-10-14,974.03,,1
2013-10-15,974.03,,1
2013-10-16,966.06,,1
2013-10-17,972.73,,1
2013-10-18,979.97,,1
2013-10-21,988.22,,1
2013-10-22,970.99,,1
2013-10-23,978.78,,1
2013-10-24,991.46,,1
2013-10-25,987.77,,1
2013-10-28,989.96,,1
2013-10-29,981.76,,1
2013-10-30,984.88,,1
2013-10-31,967.78,,1
2013-11-01,949.26,,1
2013-11-04,948.22,,1
2013-11-05,948.22,,1
2013-11-06,954.07,,1
2013-11-07,964.94,,1
2013-11-08,962.55,,1
2013-11-11,954.08,,1
2013-11-12,939.09,,1
2013-11-13,919.22,,1
2013-11-14,936.16,,1
2013-11-15,928.07,,1
2013-11-18,944.21,,1
2013-11-19,945.87,,1
2013-11-20,932.63,,1
2013-11-21,926.33,,1
2013-11-22,925.03,,1
2013-11-25,928.85,,1
2013-11-26,901.55,,1
2013-11-27,905.88,,1
2013-11-28,902.59,,1
2013-11-29,907.19,,1
2013-12-02,925.23,,1
2013-12-03,917.55,,1
2013-12-04,905.32,,1
2013-12-05,899.97,,1
2013-12-06,890.6,,1
2013-12-09,899.42,,1
2013-12-10,915.71,,1
2013-12-11,915.22,,1
2013-12-12,899.03,,1
2013-12-13,888.77,,1
2013-12-16,876.23,,1
2013-12-17,890.79,,1
2013-12-18,894.62,,1
2013-12-19,903.55,,1
2013-12-20,894.09,,1
2013-12-23,893.04,,1
2013-12-24,897.08,,1
2013-12-25,897.08,,1
2013-12-26,897.08,,1
2013-12-27,897.31,,1
2013-12-30,910.09,,1
2013-12-31,910.09,,1
2014-01-01,910.09,,1
2014-01-02,924.99,,1
2014-01-03,908.25,,1
2014-01-06,896.15,,1
2014-01-07,889.66,,1
2014-01-08,895.78,,1
2014-01-09,895.58,,1
2014-01-10,909.66,,1
2014-01-13,945.43,,1
2014-01-14,945.43,,1
2014-01-15,958.6,,1
2014-01-16,950.71,,1
2014-01-17,950.26,,1
2014-01-20,954.46,,1
2014-01-21,959.71,,1
2014-01-22,966.26,,1
2014-01-23,970.87,,1
2014-01-24,955.47,,1
2014-01-27,925.68,,1
2014-01-28,930.69,,1
2014-01-29,949.41,,1
2014-01-30,949.02,,1
2014-01-31,949.02,,1
2014-02-03,941.51,,1
2014-02-04,932.65,,1
2014-02-05,941.41,,1
2014-02-06,952.2,,1
2014-02-07,963.18,,1
2014-02-10,959.2,,1
2014-02-11,964.46,,1
2014-02-12,971.1,,1
2014-02-13,969.49,,1
2014-02-14,973.69,,1
2014-02-17,986.12,,1
2014-02-18,985.92,,1
2014-02-19,994.24,,1
2014-02-20,996.36,,1
2014-02-21,1007.77,,1
2014-02-24,1001.81,,1
2014-02-25,988.37,,1
2014-02-26,977.25,,1
2014-02-27,985.5,,1
2014-02-28,999.8,,1
2014-03-03,990.91,,1
2014-03-04,995.32,,1
2014-03-05,1008.45,,1
2014-03-06,1015.61,,1
2014-03-07,1014.7,,1
2014-03-10,1012.48,,1
2014-03-11,1018.28,,1
2014-03-12,1013.15,,1
2014-03-13,1024.04,,1
2014-03-14,1065.45,,1
2014-03-17,1065.45,,1
2014-03-18,1046.95,,1
2014-03-19,1050.83,,1
2014-03-20,1018.05,,1
2014-03-21,1017.83,,1
2014-03-24,1022.31,,1
2014-03-25,1017.27,,1
2014-03-26,1023.78,,1
2014-03-27,1021.34,,1
2014-03-28,1031.57,,1
2014-03-31,1031.57,,1
2014-04-01,1061.38,,1
2014-04-02,1060.82,,1
2014-04-03,1066.55,,1
2014-04-04,1056.97,,1
2014-04-07,1074.53,,1
2014-04-08,1074.92,,1
2014-04-09,1074.92,,1
2014-04-10,1033.57,,1
2014-04-11,1047.5,,1
2014-04-14,1058.8,,1
2014-04-15,1059.12,,1
2014-04-16,1059.77,,1
2014-04-17,1066.74,,1
2014-04-18,1066.74,,1
2014-04-21,1066.19,,1
2014-04-22,1068.0,,1
2014-04-23,1066.42,,1
2014-04-24,1066.08,,1
2014-04-25,1066.82,,1
2014-04-28,1047.47,,1
2014-04-29,1046.31,,1
2014-04-30,1049.74,,1
2014-05-01,1049.74,,1
2014-05-02,1049.88,,1
2014-05-05,1051.29,,1
2014-05-06,1049.26,,1
2014-05-07,1055.55,,1
2014-05-08,1057.94,,1
2014-05-09,1065.6,,1
2014-05-12,1070.72,,1
2014-05-13,1071.13,,1
2014-05-14,1090.43,,1
2014-05-15,1090.43,,1
2014-05-16,1101.21,,1
2014-05-19,1097.96,,1
2014-05-20,1067.24,,1
2014-05-21,1070.75,,1
2014-05-22,1086.75,,1
2014-05-23,1087.04,,1
2014-05-26,1084.53,,1
2014-05-27,1084.53,,1
2014-05-28,1088.68,,1
2014-05-29,1088.68,,1
2014-05-30,1061.77,,1
2014-06-02,1065.96,,1
2014-06-03,1074.0,,1
2014-06-04,1070.39,,1
2014-06-05,1070.91,,1
2014-06-06,1072.0,,1
2014-06-09,1058.74,,1
2014-06-10,1075.47,,1
2014-06-11,1080.8,,1
2014-06-12,1071.39,,1
2014-06-13,1069.32,,1
2014-06-16,1058.2,,1
2014-06-17,1065.73,,1
2014-06-18,1060.0,,1
2014-06-19,1052.77,,1
2014-06-20,1049.72,,1
2014-06-23,1048.4,,1
2014-06-24,1051.97,,1
2014-06-25,1045.44,,1
2014-06-26,1054.66,,1
2014-06-27,1046.84,,1
2014-06-30,1055.73,,1
2014-07-01,1057.43,,1
2014-07-02,1064.83,,1
2014-07-03,1059.01,,1
2014-07-04,1063.35,,1
2014-07-07,1086.7,,1
2014-07-08,1097.81,,1
2014-07-09,1097.81,,1
2014-07-10,1117.46,,1
2014-07-11,1099.15,,1
2014-07-14,1096.47,,1
2014-07-15,1109.84,,1
2014-07-16,1121.5,,1
2014-07-17,1110.16,,1
2014-07-18,1115.63,,1
2014-07-21,1124.96,,1
2014-07-22,1114.31,,1
2014-07-23,1114.74,,1
2014-07-24,1116.03,,1
2014-07-25,1112.02,,1
2014-07-28,1112.02,,1
2014-07-29,1112.02,,1
2014-07-30,1112.02,,1
2014-07-31,1112.02,,1
2014-08-01,1112.02,,1
2014-08-04,1122.35,,1
2014-08-05,1119.89,,1
2014-08-06,1105.86,,1
2014-08-07,1107.1,,1
2014-08-08,1103.47,,1
2014-08-11,1119.38,,1
2014-08-12,1123.63,,1
2014-08-13,1133.37,,1
2014-08-14,1129.39,,1
2014-08-15,1126.61,,1
2014-08-18,1128.2,,1
2014-08-19,1128.41,,1
2014-08-20,1135.11,,1
2014-08-21,1139.18,,1
2014-08-22,1136.24,,1
2014-08-25,1132.59,,1
2014-08-26,1122.43,,1
2014-08-27,1127.96,,1
2014-08-28,1132.05,,1
2014-08-29,1116.39,,1
2014-09-01,1128.46,,1
2014-09-02,1135.47,,1
2014-09-03,1141.32,,1
2014-09-04,1135.43,,1
2014-09-05,1137.67,,1
2014-09-08,1144.92,,1
2014-09-09,1133.43,,1
2014-09-10,1120.17,,1
2014-09-11,1115.09,,1
2014-09-12,1116.84,,1
2014-09-15,1117.61,,1
2014-09-16,1113.93,,1
2014-09-17,1128.36,,1
2014-09-18,1136.18,,1
2014-09-19,1141.27,,1
2014-09-22,1141.09,,1
2014-09-23,1132.7,,1
2014-09-24,1127.76,,1
2014-09-25,1134.55,,1
2014-09-26,1116.79,,1
2014-09-29,1120.71,,1
2014-09-30,1118.48,,1
2014-10-01,1116.7,,1
2014-10-02,1081.86,,1
2014-10-03,1070.23,,1
2014-10-06,1084.44,,1
2014-10-07,1092.56,,1
2014-10-08,1073.13,,1
2014-10-09,1081.67,,1
2014-10-10,1073.77,,1
2014-10-13,1060.82,,1
2014-10-14,1064.21,,1
2014-10-15,1073.48,,1
2014-10-16,1071.3,,1
2014-10-17,1092.41,,1
2014-10-20,1093.5,,1
2014-10-21,1090.97,,1
2014-10-22,1102.46,,1
2014-10-23,1109.18,,1
2014-10-24,1102.96,,1
2014-10-27,1089.7,,1
2014-10-28,1083.94,,1
2014-10-29,1103.93,,1
2014-10-30,1100.21,,1
2014-10-31,1109.52,,1
2014-11-03,1108.67,,1
2014-11-04,1104.0,,1
2014-11-05,1103.75,,1
2014-11-06,1096.1,,1
2014-11-07,1082.95,,1
2014-11-10,1078.0,,1
2014-11-11,1096.35,,1
2014-11-12,1100.89,,1
2014-11-13,1102.38,,1
2014-11-14,1103.3,,1
2014-11-17,1105.66,,1
2014-11-18,1117.48,,1
2014-11-19,1124.23,,1
2014-11-20,1116.4,,1
2014-11-21,1120.98,,1
2014-11-24,1130.79,,1
2014-11-25,1125.62,,1
2014-11-26,1129.58,,1
2014-11-27,1132.61,,1
2014-11-28,1132.95,,1
2014-12-01,1138.0,,1
2014-12-02,1141.54,,1
2014-12-03,1137.4,,1
2014-12-04,1139.82,,1
2014-12-05,1141.93,,1
2014-12-08,1129.15,,1
2014-12-09,1124.97,,1
2014-12-10,1135.55,,1
2014-12-11,1131.57,,1
2014-12-12,1133.56,,1
2014-12-15,1121.55,,1
2014-12-16,1098.93,,1
2014-12-17,1102.48,,1
2014-12-18,1122.0,,1
2014-12-19,1128.49,,1
2014-12-22,1124.34,,1
2014-12-23,1128.41,,1
2014-12-24,1133.69,,1
2014-12-25,1133.69,,1
2014-12-26,1133.69,,1
2014-12-29,1136.37,,1
2014-12-30,1144.63,,1
2014-12-31,1144.63,,1
2015-01-01,1144.63,,1
2015-01-02,1149.64,,1
2015-01-05,1143.35,,1
2015-01-06,1130.43,,1
2015-01-07,1141.47,,1
2015-01-08,1142.24,,1
2015-01-09,1143.54,,1
2015-01-12,1134.55,,1
2015-01-13,1142.19,,1
2015-01-14,1127.97,,1
2015-01-15,1135.45,,1
2015-01-16,1126.48,,1
2015-01-19,1126.9,,1
2015-01-20,1130.21,,1
2015-01-21,1144.0,,1
2015-01-22,1155.57,,1
2015-01-23,1174.89,,1
2015-01-26,1158.3,,1
2015-01-27,1162.18,,1
2015-01-28,1157.38,,1
2015-01-29,1154.48,,1
2015-01-30,1158.91,,1
2015-02-02,1154.51,,1
2015-02-03,1161.02,,1
2015-02-04,1168.76,,1
2015-02-05,1158.24,,1
2015-02-06,1174.27,,1
2015-02-09,1176.98,,1
2015-02-10,1169.72,,1
2015-02-11,1174.64,,1
2015-02-12,1177.2,,1
2015-02-13,1186.47,,1
2015-02-16,1173.61,,1
2015-02-17,1176.75,,1
2015-02-18,1190.28,,1
2015-02-19,1190.28,,1
2015-02-20,1191.78,,1
2015-02-23,1192.68,,1
2015-02-24,1196.05,,1
2015-02-25,1203.6,,1
2015-02-26,1204.05,,1
2015-02-27,1202.35,,1
2015-03-02,1209.75,,1
2015-03-03,1208.14,,1
2015-03-04,1200.38,,1
2015-03-05,1200.11,,1
2015-03-06,1216.61,,1
2015-03-09,1198.64,,1
2015-03-10,1202.46,,1
2015-03-11,1191.32,,1
2015-03-12,1195.67,,1
2015-03-13,1192.67,,1
2015-03-16,1196.5,,1
2015-03-17,1196.82,,1
2015-03-18,1191.17,,1
2015-03-19,1202.75,,1
2015-03-20,1199.09,,1
2015-03-23,1198.13,,1
2015-03-24,1199.41,,1
2015-03-25,1188.19,,1
2015-03-26,1178.98,,1
2015-03-27,1185.88,,1
2015-03-30,1197.12,,1
2015-03-31,1217.1,,1
2015-04-01,1204.74,,1
2015-04-02,1201.54,,1
2015-04-03,1201.54,,1
2015-04-06,1206.87,,1
2015-04-07,1216.94,,1
2015-04-08,1206.74,,1
2015-04-09,1209.99,,1
2015-04-10,1206.92,,1
2015-04-13,1199.95,,1
2015-04-14,1188.84,,1
2015-04-15,1188.46,,1
2015-04-16,1190.05,,1
2015-04-17,1186.18,,1
2015-04-20,1184.18,,1
2015-04-21,1201.53,,1
2015-04-22,1195.6,,1
2015-04-23,1195.61,,1
2015-04-24,1197.13,,1
2015-04-27,1148.33,,1
2015-04-28,1145.9,,1
2015-04-29,1109.41,,1
2015-04-30,1100.7,,1
2015-05-01,1100.7,,1
2015-05-04,1117.63,,1
2015-05-05,1125.64,,1
2015-05-06,1131.49,,1
2015-05-07,1122.41,,1
2015-05-08,1132.02,,1
2015-05-11,1131.44,,1
2015-05-12,1137.97,,1
2015-05-13,1149.39,,1
2015-05-14,1149.39,,1
2015-05-15,1144.25,,1
2015-05-18,1146.94,,1
2015-05-19,1154.61,,1
2015-05-20,1161.98,,1
2015-05-21,1168.16,,1
2015-05-22,1167.18,,1
2015-05-25,1160.2,,1
2015-05-26,1169.17,,1
2015-05-27,1151.6,,1
2015-05-28,1147.8,,1
2015-05-29,1141.03,,1
2015-06-01,1140.89,,1
2015-06-02,1140.89,,1
2015-06-03,1118.98,,1
2015-06-04,1109.53,,1
2015-06-05,1111.47,,1
2015-06-08,1089.98,,1
2015-06-09,1058.86,,1
2015-06-10,1067.69,,1
2015-06-11,1066.69,,1
2015-06-12,1067.89,,1
2015-06-15,1041.17,,1
2015-06-16,1051.55,,1
2015-06-17,1071.6,,1
2015-06-18,1071.88,,1
2015-06-19,1080.98,,1
2015-06-22,1074.66,,1
2015-06-23,1069.22,,1
2015-06-24,1073.59,,1
2015-06-25,1063.4,,1
2015-06-26,1064.43,,1
2015-06-29,1054.97,,1
2015-06-30,1060.71,,1
2015-07-01,1058.22,,1
2015-07-02,1071.33,,1
2015-07-03,1081.27,,1
2015-07-06,1063.49,,1
2015-07-07,1060.26,,1
2015-07-08,1049.62,,1
2015-07-09,1041.61,,1
2015-07-10,1047.99,,1
2015-07-13,1057.25,,1
2015-07-14,1059.28,,1
2015-07-15,1050.71,,1
2015-07-16,1050.71,,1
2015-07-17,1050.71,,1
2015-07-20,1050.71,,1
2015-07-21,1050.71,,1
2015-07-22,1061.65,,1
2015-07-23,1059.3,,1
2015-07-24,1045.37,,1
2015-07-27,1022.17,,1
2015-07-28,1007.16,,1
2015-07-29,1007.14,,1
2015-07-30,1003.97,,1
2015-07-31,1027.82,,1
2015-08-03,1029.15,,1
2015-08-04,1024.72,,1
2015-08-05,1044.17,,1
2015-08-06,1033.77,,1
2015-08-07,1024.03,,1
2015-08-10,1019.16,,1
2015-08-11,986.29,,1
2015-08-12,950.82,,1
2015-08-13,978.66,,1
2015-08-14,979.0,,1
2015-08-17,979.0,,1
2015-08-18,958.69,,1
2015-08-19,951.75,,1
2015-08-20,940.95,,1
2015-08-21,915.44,,1
2015-08-24,871.25,,1
2015-08-25,889.41,,1
2015-08-26,891.88,,1
2015-08-27,944.64,,1
2015-08-28,948.6,,1
2015-08-31,965.04,,1
2015-09-01,938.34,,1
2015-09-02,935.25,,1
2015-09-03,943.67,,1
2015-09-04,939.43,,1
2015-09-07,908.78,,1
2015-09-08,911.8,,1
2015-09-09,919.5,,1
2015-09-10,918.25,,1
2015-09-11,923.12,,1
2015-09-14,930.83,,1
2015-09-15,918.58,,1
2015-09-16,914.85,,1
2015-09-17,928.78,,1
2015-09-18,926.75,,1
2015-09-21,924.33,,1
2015-09-22,915.68,,1
2015-09-23,888.76,,1
2015-09-24,888.76,,1
2015-09-25,878.71,,1
2015-09-28,854.52,,1
2015-09-29,871.08,,1
2015-09-30,881.89,,1
2015-10-01,890.41,,1
2015-10-02,878.17,,1
2015-10-05,916.52,,1
2015-10-06,945.89,,1
2015-10-07,956.67,,1
2015-10-08,958.05,,1
2015-10-09,984.58,,1
2015-10-12,994.49,,1
2015-10-13,954.47,,1
2015-10-14,954.47,,1
2015-10-15,962.01,,1
2015-10-16,964.1,,1
2015-10-19,979.87,,1
2015-10-20,983.98,,1
2015-10-21,989.48,,1
2015-10-22,984.31,,1
2015-10-23,1002.92,,1
2015-10-26,1012.66,,1
2015-10-27,1008.61,,1
2015-10-28,991.41,,1
2015-10-29,954.48,,1
2015-10-30,948.92,,1
2015-11-02,950.48,,1
2015-11-03,969.24,,1
2015-11-04,989.92,,1
2015-11-05,980.3,,1
2015-11-06,976.68,,1
2015-11-09,957.34,,1
2015-11-10,942.9,,1
2015-11-11,944.04,,1
2015-11-12,947.29,,1
2015-11-13,950.65,,1
2015-11-16,943.03,,1
2015-11-17,959.38,,1
2015-11-18,961.77,,1
2015-11-19,967.85,,1
2015-11-20,979.45,,1
2015-11-23,972.1,,1
2015-11-24,972.7,,1
2015-11-25,983.04,,1
2015-11-26,989.21,,1
2015-11-27,978.69,,1
2015-11-30,942.27,,1
2015-12-01,977.29,,1
2015-12-02,976.46,,1
2015-12-03,974.34,,1
2015-12-04,966.62,,1
2015-12-07,971.25,,1
2015-12-08,954.29,,1
2015-12-09,954.29,,1
2015-12-10,953.98,,1
2015-12-11,935.67,,1
2015-12-14,929.89,,1
2015-12-15,940.37,,1
2015-12-16,959.95,,1
2015-12-17,981.73,,1
2015-12-18,958.0,,1
2015-12-21,964.55,,1
2015-12-22,970.03,,1
2015-12-23,969.14,,1
2015-12-24,969.14,,1
2015-12-25,969.14,,1
2015-12-28,978.82,,1
2015-12-29,980.94,,1
2015-12-30,986.73,,1
2015-12-31,986.73,,1
2016-01-01,986.73,,1
2016-01-04,973.08,,1
2016-01-05,981.19,,1
2016-01-06,995.8,,1
2016-01-07,976.24,,1
2016-01-08,980.26,,1
2016-01-11,960.15,,1
2016-01-12,975.99,,1
2016-01-13,983.78,,1
2016-01-14,975.66,,1
2016-01-15,972.85,,1
2016-01-18,963.14,,1
2016-01-19,969.65,,1
2016-01-20,952.99,,1
2016-01-21,951.24,,1
2016-01-22,964.24,,1
2016-01-25,974.1,,1
2016-01-26,970.37,,1
2016-01-27,984.5,,1
2016-01-28,986.19,,1
2016-01-29,993.55,,1
2016-02-01,995.76,,1
2016-02-02,985.56,,1
2016-02-03,988.76,,1
2016-02-04,1008.27,,1
2016-02-05,1043.02,,1
2016-02-08,1043.02,,1
2016-02-09,1036.08,,1
2016-02-10,1026.27,,1
2016-02-11,1037.66,,1
2016-02-12,1021.93,,1
2016-02-15,1028.97,,1
2016-02-16,1030.23,,1
2016-02-17,1036.26,,1
2016-02-18,1040.48,,1
2016-02-19,1018.1,,1
2016-02-22,1020.29,,1
2016-02-23,1005.3,,1
2016-02-24,1006.08,,1
2016-02-25,1006.4,,1
2016-02-26,1026.2,,1
2016-02-29,1034.73,,1
2016-03-01,1037.9,,1
2016-03-02,1051.82,,1
2016-03-03,1054.25,,1
2016-03-04,1055.21,,1
2016-03-07,1049.22,,1
2016-03-08,1044.49,,1
2016-03-09,1044.49,,1
2016-03-10,1039.4,,1
2016-03-11,1044.63,,1
2016-03-14,1061.59,,1
2016-03-15,1055.19,,1
2016-03-16,1058.38,,1
2016-03-17,1064.71,,1
2016-03-18,1063.14,,1
2016-03-21,1063.38,,1
2016-03-22,1056.07,,1
2016-03-23,1054.2,,1
2016-03-24,1048.17,,1
2016-03-25,1048.17,,1
2016-03-28,1033.87,,1
2016-03-29,1033.87,,1
2016-03-30,1044.12,,1
2016-03-31,1049.37,,1
2016-04-01,1049.36,,1
2016-04-04,1051.87,,1
2016-04-05,1054.4,,1
2016-04-06,1056.2,,1
2016-04-07,1055.28,,1
2016-04-08,1049.0,,1
2016-04-11,1033.29,,1
2016-04-12,1044.29,,1
2016-04-13,1049.37,,1
2016-04-14,1040.71,,1
2016-04-15,1043.12,,1
2016-04-18,1054.74,,1
2016-04-19,1058.52,,1
2016-04-20,1057.31,,1
2016-04-21,1062.25,,1
2016-04-22,1064.32,,1
2016-04-25,1055.18,,1
2016-04-26,1037.77,,1
2016-04-27,1043.82,,1
2016-04-28,1042.48,,1
2016-04-29,1039.74,,1
2016-05-02,1031.41,,1
2016-05-03,1031.41,,1
2016-05-04,1034.83,,1
2016-05-05,1034.83,,1
2016-05-06,1034.83,,1
2016-05-09,1034.83,,1
2016-05-10,1020.56,,1
2016-05-11,1029.81,,1
2016-05-12,1028.53,,1
2016-05-13,1018.95,,1
2016-05-16,1009.84,,1
2016-05-17,1009.49,,1
2016-05-18,1010.91,,1
2016-05-19,1001.98,,1
2016-05-20,1004.46,,1
2016-05-23,1012.86,,1
2016-05-24,1006.06,,1
2016-05-25,1022.27,,1
2016-05-26,1025.0,,1
2016-05-27,1032.04,,1
2016-05-30,1035.93,,1
2016-05-31,1024.14,,1
2016-06-01,1036.31,,1
2016-06-02,1033.78,,1
2016-06-03,1038.29,,1
2016-06-06,1050.35,,1
2016-06-07,1060.23,,1
2016-06-08,1055.93,,1
2016-06-09,1044.67,,1
2016-06-10,1035.78,,1
2016-06-13,1026.26,,1
2016-06-14,1030.21,,1
2016-06-15,1027.59,,1
2016-06-16,1027.83,,1
2016-06-17,1033.23,,1
2016-06-20,1039.66,,1
2016-06-21,1043.02,,1
2016-06-22,1046.72,,1
2016-06-23,1041.04,,1
2016-06-24,1032.04,,1
2016-06-27,1031.03,,1
2016-06-28,1043.84,,1
2016-06-29,1068.6,,1
2016-06-30,1075.03,,1
2016-07-01,1062.78,,1
2016-07-04,1062.78,,1
2016-07-05,1062.78,,1
2016-07-06,1062.78,,1
2016-07-07,1062.78,,1
2016-07-08,1062.78,,1
2016-07-11,1088.91,,1
2016-07-12,1094.29,,1
2016-07-13,1104.7,,1
2016-07-14,1090.29,,1
2016-07-15,1096.56,,1
2016-07-18,1101.63,,1
2016-07-19,1113.44,,1
2016-07-20,1130.06,,1
2016-07-21,1121.57,,1
2016-07-22,1116.63,,1
2016-07-25,1123.34,,1
2016-07-26,1125.23,,1
2016-07-27,1136.74,,1
2016-07-28,1141.73,,1
2016-07-29,1116.93,,1
2016-08-01,1156.16,,1
2016-08-02,1157.98,,1
2016-08-03,1152.41,,1
2016-08-04,1157.3,,1
2016-08-05,1166.11,,1
2016-08-08,1176.64,,1
2016-08-09,1171.21,,1
2016-08-10,1165.9,,1
2016-08-11,1164.12,,1
2016-08-12,1153.76,,1
2016-08-15,1141.63,,1
2016-08-16,1154.97,,1
2016-08-17,1154.97,,1
2016-08-18,1177.58,,1
2016-08-19,1166.12,,1
2016-08-22,1169.06,,1
2016-08-23,1166.2,,1
2016-08-24,1162.36,,1
2016-08-25,1176.99,,1
2016-08-26,1173.45,,1
2016-08-29,1156.56,,1
2016-08-30,1154.13,,1
2016-08-31,1158.6,,1
2016-09-01,1146.68,,1
2016-09-02,1151.51,,1
2016-09-05,1151.61,,1
2016-09-06,1156.54,,1
2016-09-07,1158.51,,1
2016-09-08,1156.28,,1
2016-09-09,1133.25,,1
2016-09-12,1133.25,,1
2016-09-13,1118.59,,1
2016-09-14,1101.18,,1
2016-09-15,1132.7,,1
2016-09-16,1132.7,,1
2016-09-19,1146.33,,1
2016-09-20,1141.49,,1
2016-09-21,1150.11,,1
2016-09-22,1159.87,,1
2016-09-23,1162.88,,1
2016-09-26,1152.7,,1
2016-09-27,1170.77,,1
2016-09-28,1171.39,,1
2016-09-29,1172.92,,1
2016-09-30,1152.62,,1
2016-10-03,1178.82,,1
2016-10-04,1181.32,,1
2016-10-05,1167.7,,1
2016-10-06,1165.06,,1
2016-10-07,1155.61,,1
2016-10-10,1150.16,,1
2016-10-11,1156.78,,1
2016-10-12,1152.07,,1
2016-10-13,1147.72,,1
2016-10-14,1163.96,,1
2016-10-17,1165.86,,1
2016-10-18,1170.44,,1
2016-10-19,1164.24,,1
2016-10-20,1163.33,,1
2016-10-21,1164.62,,1
2016-10-24,1165.07,,1
2016-10-25,1157.91,,1
2016-10-26,1155.33,,1
2016-10-27,1161.32,,1
2016-10-28,1159.61,,1
2016-10-31,1160.47,,1
2016-11-01,1159.12,,1
2016-11-02,1157.82,,1
2016-11-03,1137.47,,1
2016-11-04,1146.22,,1
2016-11-07,1151.95,,1
2016-11-08,1172.68,,1
2016-11-09,1157.24,,1
2016-11-10,1164.53,,1
2016-11-11,1107.44,,1
2016-11-14,1077.87,,1
2016-11-15,1069.56,,1
2016-11-16,1095.88,,1
2016-11-17,1096.85,,1
2016-11-18,1092.49,,1
2016-11-21,1086.31,,1
2016-11-22,1099.04,,1
2016-11-23,1101.48,,1
2016-11-24,1074.56,,1
2016-11-25,1077.44,,1
2016-11-28,1074.62,,1
2016-11-29,1079.15,,1
2016-11-30,1082.21,,1
2016-12-01,1095.39,,1
2016-12-02,1108.12,,1
2016-12-05,1113.69,,1
2016-12-06,1114.23,,1
2016-12-07,1112.28,,1
2016-12-08,1122.05,,1
2016-12-09,1121.46,,1
2016-12-12,1121.46,,1
2016-12-13,1119.97,,1
2016-12-14,1111.65,,1
2016-12-15,1109.21,,1
2016-12-16,1103.76,,1
2016-12-19,1093.51,,1
2016-12-20,1084.77,,1
2016-12-21,1071.16,,1
2016-12-22,1054.0,,1
2016-12-23,1048.58,,1
2016-12-26,1048.58,,1
2016-12-27,1068.64,,1
2016-12-28,1096.0,,1
2016-12-29,1119.24,,1
2016-12-30,1116.64,,1
2017-01-02,1116.64,,1
2017-01-03,1113.33,,1
2017-01-04,1121.97,,1
2017-01-05,1128.29,,1
2017-01-06,1132.39,,1
2017-01-09,1123.39,,1
2017-01-10,1123.83,,1
2017-01-11,1120.3,,1
2017-01-12,1116.77,,1
2017-01-13,1112.06,,1
2017-01-16,1108.09,,1
2017-01-17,1107.34,,1
2017-01-18,1115.45,,1
2017-01-19,1117.0,,1
2017-01-20,1103.77,,1
2017-01-23,1103.78,,1
2017-01-24,1113.99,,1
2017-01-25,1114.95,,1
2017-01-26,1120.94,,1
2017-01-27,1118.95,,1
2017-01-30,1115.22,,1
2017-01-31,1109.5,,1
2017-02-01,1119.23,,1
2017-02-02,1125.9,,1
2017-02-03,1129.37,,1
2017-02-06,1137.57,,1
2017-02-07,1134.06,,1
2017-02-08,1130.78,,1
2017-02-09,1132.01,,1
2017-02-10,1132.79,,1
2017-02-13,1142.36,,1
2017-02-14,1134.59,,1
2017-02-15,1134.59,,1
2017-02-16,1135.49,,1
2017-02-17,1127.62,,1
2017-02-20,1129.26,,1
2017-02-21,1126.71,,1
2017-02-22,1132.24,,1
2017-02-23,1134.26,,1
2017-02-24,1137.45,,1
2017-02-27,1135.13,,1
2017-02-28,1133.38,,1
2017-03-01,1126.94,,1
2017-03-02,1139.38,,1
2017-03-03,1134.73,,1
2017-03-06,1139.02,,1
2017-03-07,1137.23,,1
2017-03-08,1134.36,,1
2017-03-09,1136.9,,1
2017-03-10,1133.12,,1
2017-03-13,1136.99,,1
2017-03-14,1141.21,,1
2017-03-15,1139.33,,1
2017-03-16,1161.37,,1
2017-03-17,1167.7,,1
2017-03-20,1166.16,,1
2017-03-21,1168.26,,1
2017-03-22,1166.26,,1
2017-03-23,1172.24,,1
2017-03-24,1172.33,,1
2017-03-27,1164.73,,1
2017-03-28,1164.73,,1
2017-03-29,1178.02,,1
2017-03-30,1177.7,,1
2017-03-31,1169.94,,1
2017-04-03,1181.83,,1
2017-04-04,1193.63,,1
2017-04-05,1197.34,,1
2017-04-06,1198.1,,1
2017-04-07,1188.84,,1
2017-04-10,1186.5,,1
2017-04-11,1180.06,,1
2017-04-12,1185.84,,1
2017-04-13,1178.3,,1
2017-04-14,1178.3,,1
2017-04-17,1167.15,,1
2017-04-18,1175.34,,1
2017-04-19,1175.34,,1
2017-04-20,1172.05,,1
2017-04-21,1189.83,,1
2017-04-24,1189.83,,1
2017-04-25,1193.43,,1
2017-04-26,1205.56,,1
2017-04-27,1200.05,,1
2017-04-28,1194.32,,1
2017-05-01,1194.32,,1
2017-05-02,1191.89,,1
2017-05-03,1185.23,,1
2017-05-04,1193.68,,1
2017-05-05,1196.86,,1
2017-05-08,1200.35,,1
2017-05-09,1196.34,,1
2017-05-10,1187.24,,1
2017-05-11,1187.24,,1
2017-05-12,1193.18,,1
2017-05-15,1198.49,,1
2017-05-16,1187.32,,1
2017-05-17,1178.34,,1
2017-05-18,1186.03,,1
2017-05-19,1223.12,,1
2017-05-22,1211.9,,1
2017-05-23,1208.64,,1
2017-05-24,1200.85,,1
2017-05-25,1200.85,,1
2017-05-26,1203.51,,1
2017-05-29,1202.31,,1
2017-05-30,1196.54,,1
2017-05-31,1208.18,,1
2017-06-01,1208.18,,1
2017-06-02,1212.27,,1
2017-06-05,1213.46,,1
2017-06-06,1203.46,,1
2017-06-07,1205.54,,1
2017-06-08,1202.76,,1
2017-06-09,1195.59,,1
2017-06-12,1199.31,,1
2017-06-13,1203.71,,1
2017-06-14,1225.18,,1
2017-06-15,1220.64,,1
2017-06-16,1208.37,,1
2017-06-19,1210.66,,1
2017-06-20,1222.72,,1
2017-06-21,1227.31,,1
2017-06-22,1226.47,,1
2017-06-23,1226.47,,1
2017-06-26,1226.47,,1
2017-06-27,1226.47,,1
2017-06-28,1226.47,,1
2017-06-29,1226.47,,1
2017-06-30,1226.47,,1
2017-07-03,1248.99,,1
2017-07-04,1236.79,,1
2017-07-05,1226.7,,1
2017-07-06,1232.8,,1
2017-07-07,1224.84,,1
2017-07-10,1214.08,,1
2017-07-11,1213.63,,1
2017-07-12,1225.85,,1
2017-07-13,1227.86,,1
2017-07-14,1228.47,,1
2017-07-17,1230.91,,1
2017-07-18,1225.43,,1
2017-07-19,1221.71,,1
2017-07-20,1225.99,,1
2017-07-21,1210.0,,1
2017-07-24,1219.9,,1
2017-07-25,1223.24,,1
2017-07-26,1218.83,,1
2017-07-27,1220.01,,1
2017-07-28,1222.44,,1
2017-07-31,1223.51,,1
2017-08-01,1215.05,,1
2017-08-02,1219.48,,1
2017-08-03,1208.14,,1
2017-08-04,1204.89,,1
2017-08-07,1199.96,,1
2017-08-08,1216.17,,1
2017-08-09,1218.64,,1
2017-08-10,1218.57,,1
2017-08-11,1203.1,,1
2017-08-14,1211.71,,1
2017-08-15,1218.77,,1
2017-08-16,1234.2,,1
2017-08-17,1234.2,,1
2017-08-18,1233.71,,1
2017-08-21,1226.07,,1
2017-08-22,1231.03,,1
2017-08-23,1239.31,,1
2017-08-24,1233.95,,1
2017-08-25,1239.29,,1
2017-08-28,1235.97,,1
2017-08-29,1231.74,,1
2017-08-30,1228.44,,1
2017-08-31,1224.96,,1
2017-09-01,1224.96,,1
2017-09-04,1211.52,,1
2017-09-05,1215.26,,1
2017-09-06,1213.24,,1
2017-09-07,1215.24,,1
2017-09-08,1221.27,,1
2017-09-11,1223.55,,1
2017-09-12,1223.5,,1
2017-09-13,1217.02,,1
2017-09-14,1219.05,,1
2017-09-15,1224.62,,1
2017-09-18,1227.08,,1
2017-09-19,1231.56,,1
2017-09-20,1232.88,,1
2017-09-21,1232.88,,1
2017-09-22,1233.71,,1
2017-09-25,1229.99,,1
2017-09-26,1224.13,,1
2017-09-27,1222.67,,1
2017-09-28,1215.53,,1
2017-09-29,1228.41,,1
2017-10-02,1233.44,,1
2017-10-03,1240.4,,1
2017-10-04,1243.51,,1
2017-10-05,1231.91,,1
2017-10-06,1233.51,,1
2017-10-09,1235.53,,1
2017-10-10,1233.11,,1
2017-10-11,1227.06,,1
2017-10-12,1237.51,,1
2017-10-13,1237.27,,1
2017-10-16,1243.23,,1
2017-10-17,1242.97,,1
2017-10-18,1237.45,,1
2017-10-19,1230.6,,1
2017-10-20,1235.85,,1
2017-10-23,1239.45,,1
2017-10-24,1235.89,,1
2017-10-25,1250.32,,1
2017-10-26,1246.75,,1
2017-10-27,1239.62,,1
2017-10-30,1239.21,,1
2017-10-31,1247.18,,1
2017-11-01,1256.05,,1
2017-11-02,1256.66,,1
2017-11-03,1260.64,,1
2017-11-06,1262.75,,1
2017-11-07,1266.04,,1
2017-11-08,1264.16,,1
2017-11-09,1262.12,,1
2017-11-10,1257.18,,1
2017-11-13,1256.78,,1
2017-11-14,1247.71,,1
2017-11-15,1243.95,,1
2017-11-16,1261.5,,1
2017-11-17,1265.39,,1
2017-11-20,1265.55,,1
2017-11-21,1260.73,,1
2017-11-22,1269.58,,1
2017-11-23,1268.21,,1
2017-11-24,1269.99,,1
2017-11-27,1270.66,,1
2017-11-28,1274.48,,1
2017-11-29,1270.41,,1
2017-11-30,1270.41,,1
2017-12-01,1270.41,,1
2017-12-04,1254.6,,1
2017-12-05,1256.81,,1
2017-12-06,1266.0,,1
2017-12-07,1260.66,,1
2017-12-08,1266.89,,1
2017-12-11,1267.04,,1
2017-12-12,1269.29,,1
2017-12-13,1274.73,,1
2017-12-14,1288.49,,1
2017-12-15,1287.79,,1
2017-12-18,1292.35,,1
2017-12-19,1299.91,,1
2017-12-20,1282.93,,1
2017-12-21,1302.01,,1
2017-12-22,1312.1,,1
2017-12-25,1312.1,,1
2017-12-26,1312.1,,1
2017-12-27,1325.84,,1
2017-12-28,1333.66,,1
2017-12-29,1343.42,,1
2018-01-01,1343.42,,1
2018-01-02,1341.07,,1
2018-01-03,1317.85,,1
2018-01-04,1329.4,,1
2018-01-05,1345.4,,1
2018-01-08,1353.38,,1
2018-01-09,1351.24,,1
2018-01-10,1350.42,,1
2018-01-11,1353.46,,1
2018-01-12,1350.3,,1
2018-01-15,1352.95,,1
2018-01-16,1364.87,,1
2018-01-17,1367.43,,1
2018-01-18,1373.88,,1
2018-01-19,1376.33,,1
2018-01-22,1377.55,,1
2018-01-23,1412.47,,1
2018-01-24,1406.02,,1
2018-01-25,1404.42,,1
2018-01-26,1415.15,,1
2018-01-29,1418.29,,1
2018-01-30,1390.88,,1
2018-01-31,1396.85,,1
2018-02-01,1395.37,,1
2018-02-02,1402.82,,1
2018-02-05,1394.53,,1
2018-02-06,1371.42,,1
2018-02-07,1384.73,,1
2018-02-08,1387.23,,1
2018-02-09,1378.47,,1
2018-02-12,1380.5,,1
2018-02-13,1394.94,,1
2018-02-14,1398.66,,1
2018-02-15,1397.44,,1
2018-02-16,1397.44,,1
2018-02-19,1421.5,,1
2018-02-20,1414.22,,1
2018-02-21,1409.35,,1
2018-02-22,1396.18,,1
2018-02-23,1401.98,,1
2018-02-26,1383.51,,1
2018-02-27,1396.41,,1
2018-02-28,1394.61,,1
2018-03-01,1396.28,,1
2018-03-02,1390.6,,1
2018-03-05,1380.93,,1
2018-03-06,1367.46,,1
2018-03-07,1335.67,,1
2018-03-08,1353.63,,1
2018-03-09,1350.53,,1
2018-03-12,1366.36,,1
2018-03-13,1343.95,,1
2018-03-14,1337.22,,1
2018-03-15,1320.81,,1
2018-03-16,1317.59,,1
2018-03-19,1316.2,,1
2018-03-20,1305.11,,1
2018-03-21,1320.89,,1
2018-03-22,1307.15,,1
2018-03-23,1296.27,,1
2018-03-26,1292.52,,1
2018-03-27,1294.34,,1
2018-03-28,1277.31,,1
2018-03-29,1286.67,,1
2018-03-30,1286.67,,1
2018-04-02,1300.87,,1
2018-04-03,1297.72,,1
2018-04-04,1279.99,,1
2018-04-05,1286.62,,1
2018-04-06,1285.11,,1
2018-04-09,1303.03,,1
2018-04-10,1323.96,,1
2018-04-11,1332.98,,1
2018-04-12,1319.32,,1
2018-04-13,1307.34,,1
2018-04-16,1312.57,,1
2018-04-17,1311.28,,1
2018-04-18,1319.78,,1
2018-04-19,1327.46,,1
2018-04-20,1321.95,,1
2018-04-23,1312.26,,1
2018-04-24,1291.69,,1
2018-04-25,1253.88,,1
2018-04-26,1212.94,,1
2018-04-27,1216.26,,1
2018-04-30,1233.18,,1
2018-05-01,1233.18,,1
2018-05-02,1239.31,,1
2018-05-03,1201.64,,1
2018-05-04,1184.58,,1
2018-05-07,1207.59,,1
2018-05-08,1180.45,,1
2018-05-09,1216.18,,1
2018-05-10,1216.18,,1
2018-05-11,1227.15,,1
2018-05-14,1225.83,,1
2018-05-15,1195.58,,1
2018-05-16,1195.87,,1
2018-05-17,1187.05,,1
2018-05-18,1178.75,,1
2018-05-21,1166.02,,1
2018-05-22,1170.12,,1
2018-05-23,1183.11,,1
2018-05-24,1221.59,,1
2018-05-25,1228.94,,1
2018-05-28,1252.02,,1
2018-05-29,1252.02,,1
2018-05-30,1237.23,,1
2018-05-31,1228.09,,1
2018-06-01,1228.09,,1
2018-06-04,1236.03,,1
2018-06-05,1253.86,,1
2018-06-06,1248.45,,1
2018-06-07,1256.17,,1
2018-06-08,1225.58,,1
2018-06-11,1225.58,,1
2018-06-12,1225.58,,1
2018-06-13,1225.58,,1
2018-06-14,1225.58,,1
2018-06-15,1225.58,,1
2018-06-18,1225.58,,1
2018-06-19,1225.58,,1
2018-06-20,1196.2,,1
2018-06-21,1177.1,,1
2018-06-22,1176.76,,1
2018-06-25,1186.6,,1
2018-06-26,1177.28,,1
2018-06-27,1167.48,,1
2018-06-28,1140.32,,1
2018-06-29,1174.43,,1
2018-07-02,1163.8,,1
2018-07-03,1138.44,,1
2018-07-04,1164.77,,1
2018-07-05,1164.25,,1
2018-07-06,1152.38,,1
2018-07-09,1179.55,,1
2018-07-10,1195.32,,1
2018-07-11,1196.8,,1
2018-07-12,1198.38,,1
2018-07-13,1207.31,,1
2018-07-16,1198.53,,1
2018-07-17,1187.93,,1
2018-07-18,1196.83,,1
2018-07-19,1191.8,,1
2018-07-20,1194.74,,1
2018-07-23,1207.78,,1
2018-07-24,1211.98,,1
2018-07-25,1210.65,,1
2018-07-26,1214.44,,1
2018-07-27,1224.99,,1
2018-07-30,1233.92,,1
2018-07-31,1208.61,,1
2018-08-01,1232.97,,1
2018-08-02,1226.69,,1
2018-08-03,1226.89,,1
2018-08-06,1250.49,,1
2018-08-07,1247.65,,1
2018-08-08,1246.71,,1
2018-08-09,1241.03,,1
2018-08-10,1243.65,,1
2018-08-13,1193.48,,1
2018-08-14,1167.89,,1
2018-08-15,1179.36,,1
2018-08-16,1170.26,,1
2018-08-17,1170.26,,1
2018-08-20,1196.84,,1
2018-08-21,1209.62,,1
2018-08-22,1209.62,,1
2018-08-23,1222.01,,1
2018-08-24,1216.68,,1
2018-08-27,1229.96,,1
2018-08-28,1233.7,,1
2018-08-29,1239.85,,1
2018-08-30,1227.64,,1
2018-08-31,1226.64,,1
2018-09-03,1213.53,,1
2018-09-04,1200.11,,1
2018-09-05,1148.25,,1
2018-09-06,1170.29,,1
2018-09-07,1189.61,,1
2018-09-10,1184.08,,1
2018-09-11,1184.08,,1
2018-09-12,1173.52,,1
2018-09-13,1189.22,,1
2018-09-14,1206.47,,1
2018-09-17,1179.11,,1
2018-09-18,1177.15,,1
2018-09-19,1191.76,,1
2018-09-20,1208.27,,1
2018-09-21,1214.78,,1
2018-09-24,1195.64,,1
2018-09-25,1193.3,,1
2018-09-26,1191.72,,1
2018-09-27,1205.7,,1
2018-09-28,1216.4,,1
2018-10-01,1209.98,,1
2018-10-02,1193.36,,1
2018-10-03,1191.63,,1
2018-10-04,1164.44,,1
2018-10-05,1157.18,,1
2018-10-08,1164.1,,1
2018-10-09,1171.99,,1
2018-10-10,1175.41,,1
2018-10-11,1147.72,,1
2018-10-12,1158.68,,1
2018-10-15,1152.42,,1
2018-10-16,1172.6,,1
2018-10-17,1187.44,,1
2018-10-18,1180.32,,1
2018-10-19,1176.8,,1
2018-10-22,1178.4,,1
2018-10-23,1169.56,,1
2018-10-24,1145.8,,1
2018-10-25,1157.96,,1
2018-10-26,1165.15,,1
2018-10-29,1157.56,,1
2018-10-30,1167.47,,1
2018-10-31,1178.04,,1
2018-11-01,1180.78,,1
2018-11-02,1200.2,,1
2018-11-05,1203.49,,1
2018-11-06,1204.13,,1
2018-11-07,1208.57,,1
2018-11-08,1217.44,,1
2018-11-09,1189.15,,1
2018-11-12,1162.33,,1
2018-11-13,1176.14,,1
2018-11-14,1182.9,,1
2018-11-15,1206.86,,1
2018-11-16,1222.43,,1
2018-11-19,1219.82,,1
2018-11-20,1219.82,,1
2018-11-21,1205.59,,1
2018-11-22,1218.03,,1
2018-11-23,1221.67,,1
2018-11-26,1225.9,,1
2018-11-27,1223.52,,1
2018-11-28,1216.53,,1
2018-11-29,1246.38,,1
2018-11-30,1233.54,,1
2018-12-03,1248.57,,1
2018-12-04,1257.65,,1
2018-12-05,1252.53,,1
2018-12-06,1248.42,,1
2018-12-07,1250.7,,1
2018-12-10,1246.55,,1
2018-12-11,1237.88,,1
2018-12-12,1247.14,,1
2018-12-13,1263.67,,1
2018-12-14,1261.51,,1
2018-12-17,1241.77,,1
2018-12-18,1240.58,,1
2018-12-19,1265.18,,1
2018-12-20,1257.94,,1
2018-12-21,1259.95,,1
2018-12-24,1259.95,,1
2018-12-25,1259.95,,1
2018-12-26,1249.63,,1
2018-12-27,1262.33,,1
2018-12-28,1258.17,,1
2018-12-31,1258.17,,1
2019-01-01,1258.17,,1
2019-01-02,984.35,,1
2019-01-03,990.88,,1
2019-01-04,1001.64,,1
2019-01-07,1002.78,,1
2019-01-08,997.42,,1
2019-01-09,996.77,,1
2019-01-10,1009.63,,1
2019-01-11,1013.32,,1
2019-01-14,1007.59,,1
2019-01-15,1019.3,,1
2019-01-16,1021.6,,1
2019-01-17,1024.91,,1
2019-01-18,1030.69,,1
2019-01-21,1029.06,,1
2019-01-22,1031.06,,1
2019-01-23,1022.46,,1
2019-01-24,1023.13,,1
2019-01-25,1025.79,,1
2019-01-28,1019.14,,1
2019-01-29,1015.52,,1
2019-01-30,1023.54,,1
2019-01-31,1038.97,,1
2019-02-01,1041.68,,1
2019-02-04,1024.05,,1
2019-02-05,1024.05,,1
2019-02-06,1035.64,,1
2019-02-07,1033.04,,1
2019-02-08,1027.89,,1
2019-02-11,1020.76,,1
2019-02-12,1008.82,,1
2019-02-13,1004.18,,1
2019-02-14,1000.77,,1
2019-02-15,994.97,,1
2019-02-18,1017.81,,1
2019-02-19,1013.95,,1
2019-02-20,1019.33,,1
2019-02-21,1024.44,,1
2019-02-22,1015.47,,1
2019-02-25,1020.04,,1
2019-02-26,1024.92,,1
2019-02-27,1021.78,,1
2019-02-28,1006.1,,1
2019-03-01,1018.17,,1
2019-03-04,1017.84,,1
2019-03-05,1007.79,,1
2019-03-06,1009.31,,1
2019-03-07,1009.31,,1
2019-03-08,994.98,,1
2019-03-11,995.42,,1
2019-03-12,994.02,,1
2019-03-13,996.07,,1
2019-03-14,1004.18,,1
2019-03-15,1014.81,,1
2019-03-18,1024.97,,1
2019-03-19,1019.34,,1
2019-03-20,1020.39,,1
2019-03-21,1024.62,,1
2019-03-22,1025.93,,1
2019-03-25,1004.03,,1
2019-03-26,1017.58,,1
2019-03-27,1010.42,,1
2019-03-28,1019.01,,1
2019-03-29,1019.04,,1
2019-04-01,1016.18,,1
2019-04-02,1019.71,,1
2019-04-03,1019.71,,1
2019-04-04,1025.96,,1
2019-04-05,1021.27,,1
2019-04-08,1015.29,,1
2019-04-09,1024.36,,1
2019-04-10,1024.13,,1
2019-04-11,1007.97,,1
2019-04-12,1008.47,,1
2019-04-15,1013.27,,1
2019-04-16,1023.94,,1
2019-04-17,1023.94,,1
2019-04-18,1030.12,,1
2019-04-19,1030.12,,1
2019-04-22,1012.55,,1
2019-04-23,1022.5,,1
2019-04-24,1020.12,,1
2019-04-25,1004.99,,1
2019-04-26,1010.67,,1
2019-04-29,1013.47,,1
2019-04-30,1019.33,,1
2019-05-01,1019.33,,1
2019-05-02,1006.95,,1
2019-05-03,997.34,,1
2019-05-06,985.71,,1
2019-05-07,994.17,,1
2019-05-08,988.91,,1
2019-05-09,971.75,,1
2019-05-10,972.99,,1
2019-05-13,960.87,,1
2019-05-14,950.75,,1
2019-05-15,932.29,,1
2019-05-16,915.44,,1
2019-05-17,900.17,,1
2019-05-20,917.2,,1
2019-05-21,925.14,,1
2019-05-22,921.74,,1
2019-05-23,943.96,,1
2019-05-24,949.35,,1
2019-05-27,959.16,,1
2019-05-28,944.86,,1
2019-05-29,959.34,,1
2019-05-30,959.34,,1
2019-05-31,982.88,,1
2019-06-03,982.88,,1
2019-06-04,982.88,,1
2019-06-05,982.88,,1
2019-06-06,982.88,,1
2019-06-07,982.88,,1
2019-06-10,1002.0,,1
2019-06-11,1002.32,,1
2019-06-12,996.19,,1
2019-06-13,994.39,,1
2019-06-14,991.02,,1
2019-06-17,980.29,,1
2019-06-18,994.7,,1
2019-06-19,1011.48,,1
2019-06-20,1009.05,,1
2019-06-21,1005.07,,1
2019-06-24,998.04,,1
2019-06-25,1003.93,,1
2019-06-26,1001.13,,1
2019-06-27,1011.38,,1
2019-06-28,1013.96,,1
2019-07-01,1020.86,,1
2019-07-02,1023.2,,1
2019-07-03,1020.22,,1
2019-07-04,1020.42,,1
2019-07-05,1018.73,,1
2019-07-08,1012.67,,1
2019-07-09,1020.69,,1
2019-07-10,1025.19,,1
2019-07-11,1026.23,,1
2019-07-12,1017.35,,1
2019-07-15,1028.14,,1
2019-07-16,1025.53,,1
2019-07-17,1023.97,,1
2019-07-18,1025.29,,1
2019-07-19,1033.44,,1
2019-07-22,1030.33,,1
2019-07-23,1027.11,,1
2019-07-24,1022.09,,1
2019-07-25,1024.36,,1
2019-07-26,1009.31,,1
2019-07-29,1007.35,,1
2019-07-30,1020.28,,1
2019-07-31,1022.43,,1
2019-08-01,1016.75,,1
2019-08-02,1008.43,,1
2019-08-05,975.75,,1
2019-08-06,960.75,,1
2019-08-07,976.33,,1
2019-08-08,990.36,,1
2019-08-09,991.03,,1
2019-08-12,985.46,,1
2019-08-13,976.34,,1
2019-08-14,986.93,,1
2019-08-15,983.31,,1
2019-08-16,980.29,,1
2019-08-19,984.13,,1
2019-08-20,982.7,,1
2019-08-21,971.55,,1
2019-08-22,972.38,,1
2019-08-23,975.26,,1
2019-08-26,967.89,,1
2019-08-27,979.66,,1
2019-08-28,980.13,,1
2019-08-29,981.95,,1
2019-08-30,995.76,,1
2019-09-02,986.45,,1
2019-09-03,977.21,,1
2019-09-04,976.78,,1
2019-09-05,986.2,,1
2019-09-06,988.78,,1
2019-09-09,989.97,,1
2019-09-10,992.86,,1
2019-09-11,1002.55,,1
2019-09-12,992.62,,1
2019-09-13,992.25,,1
2019-09-16,983.25,,1
2019-09-17,985.92,,1
2019-09-18,991.84,,1
2019-09-19,982.8,,1
2019-09-20,980.77,,1
2019-09-23,976.78,,1
2019-09-24,961.53,,1
2019-09-25,961.13,,1
2019-09-26,979.12,,1
2019-09-27,972.45,,1
2019-09-30,968.15,,1
2019-10-01,960.15,,1
2019-10-02,941.74,,1
2019-10-03,935.43,,1
2019-10-04,942.64,,1
2019-10-07,931.04,,1
2019-10-08,937.99,,1
2019-10-09,934.75,,1
2019-10-10,933.42,,1
2019-10-11,948.07,,1
2019-10-14,954.48,,1
2019-10-15,959.74,,1
2019-10-16,962.61,,1
2019-10-17,967.77,,1
2019-10-18,974.6,,1
2019-10-21,975.69,,1
2019-10-22,982.91,,1
2019-10-23,992.12,,1
2019-10-24,1011.46,,1
2019-10-25,991.31,,1
2019-10-28,993.58,,1
2019-10-29,997.85,,1
2019-10-30,999.01,,1
2019-10-31,984.84,,1
2019-11-01,980.09,,1
2019-11-04,976.17,,1
2019-11-05,999.76,,1
2019-11-06,988.01,,1
2019-11-07,978.36,,1
2019-11-08,981.69,,1
2019-11-11,978.47,,1
2019-11-12,984.22,,1
2019-11-13,974.88,,1
2019-11-14,964.58,,1
2019-11-15,975.37,,1
2019-11-18,974.22,,1
2019-11-19,985.9,,1
2019-11-20,988.33,,1
2019-11-21,980.32,,1
2019-11-22,977.46,,1
2019-11-25,967.76,,1
2019-11-26,958.82,,1
2019-11-27,961.19,,1
2019-11-28,946.01,,1
2019-11-29,956.82,,1
2019-12-02,978.26,,1
2019-12-03,977.77,,1
2019-12-04,974.13,,1
2019-12-05,986.36,,1
2019-12-06,992.52,,1
2019-12-09,993.24,,1
2019-12-10,992.11,,1
2019-12-11,990.12,,1
2019-12-12,982.23,,1
2019-12-13,997.65,,1
2019-12-16,1001.0,,1
2019-12-17,1008.13,,1
2019-12-18,1019.09,,1
2019-12-19,1009.5,,1
2019-12-20,1018.32,,1
2019-12-23,1021.62,,1
2019-12-24,1021.62,,1
2019-12-25,1021.62,,1
2019-12-26,1021.56,,1
2019-12-27,1022.72,,1
2019-12-30,1014.47,,1
2019-12-31,1014.47,,1
2020-01-01,1014.47,,1
2020-01-02,1274.74,,1
2020-01-03,1285.48,,1
2020-01-06,1270.71,,1
2020-01-07,1276.8,,1
2020-01-08,1264.47,,1
2020-01-09,1278.72,,1
2020-01-10,1279.42,,1
2020-01-13,1286.43,,1
2020-01-14,1294.29,,1
2020-01-15,1284.76,,1
2020-01-16,1284.8,,1
2020-01-17,1288.36,,1
2020-01-20,1277.62,,1
2020-01-21,1277.38,,1
2020-01-22,1275.39,,1
2020-01-23,1279.35,,1
2020-01-24,1279.28,,1
2020-01-27,1252.82,,1
2020-01-28,1249.45,,1
2020-01-29,1250.97,,1
2020-01-30,1234.81,,1
2020-01-31,1207.04,,1
2020-02-03,1194.96,,1
2020-02-04,1208.57,,1
2020-02-05,1222.71,,1
2020-02-06,1223.18,,1
2020-02-07,1223.63,,1
2020-02-10,1212.49,,1
2020-02-11,1212.74,,1
2020-02-12,1204.49,,1
2020-02-13,1195.12,,1
2020-02-14,1193.92,,1
2020-02-17,1193.76,,1
2020-02-18,1197.44,,1
2020-02-19,1206.58,,1
2020-02-20,1210.23,,1
2020-02-21,1196.33,,1
2020-02-24,1178.6,,1
2020-02-25,1174.43,,1
2020-02-26,1148.95,,1
2020-02-27,1114.49,,1
2020-02-28,1097.13,,1
2020-03-02,1073.77,,1
2020-03-03,1112.27,,1
2020-03-04,1146.34,,1
2020-03-05,1143.63,,1
2020-03-06,1109.21,,1
2020-03-09,1021.43,,1
2020-03-10,1043.62,,1
2020-03-11,1030.9,,1
2020-03-12,969.66,,1
2020-03-13,974.31,,1
2020-03-16,920.66,,1
2020-03-17,861.39,,1
2020-03-18,827.89,,1
2020-03-19,773.27,,1
2020-03-20,797.01,,1
2020-03-23,745.28,,1
2020-03-24,731.03,,1
2020-03-25,731.03,,1
2020-03-26,833.22,,1
2020-03-27,882.3,,1
2020-03-30,847.89,,1
2020-03-31,876.95,,1
2020-04-01,862.16,,1
2020-04-02,879.45,,1
2020-04-03,903.83,,1
2020-04-06,950.61,,1
2020-04-07,941.48,,1
2020-04-08,904.93,,1
2020-04-09,910.68,,1
2020-04-10,910.68,,1
2020-04-13,904.86,,1
2020-04-14,925.99,,1
2020-04-15,905.17,,1
2020-04-16,868.78,,1
2020-04-17,906.72,,1
2020-04-20,893.42,,1
2020-04-21,893.42,,1
2020-04-22,893.91,,1
2020-04-23,900.48,,1
2020-04-24,876.22,,1
2020-04-27,881.65,,1
2020-04-28,885.71,,1
2020-04-29,897.54,,1
2020-04-30,934.24,,1
2020-05-01,934.24,,1
2020-05-04,905.79,,1
2020-05-05,912.01,,1
2020-05-06,907.56,,1
2020-05-07,907.56,,1
2020-05-08,905.23,,1
2020-05-11,913.01,,1
2020-05-12,900.2,,1
2020-05-13,891.96,,1
2020-05-14,879.09,,1
2020-05-15,877.5,,1
2020-05-18,879.11,,1
2020-05-19,886.47,,1
2020-05-20,886.74,,1
2020-05-21,886.74,,1
2020-05-22,886.74,,1
2020-05-25,886.74,,1
2020-05-26,909.09,,1
2020-05-27,912.99,,1
2020-05-28,931.07,,1
2020-05-29,943.57,,1
2020-06-01,943.57,,1
2020-06-02,969.14,,1
2020-06-03,994.53,,1
2020-06-04,988.39,,1
2020-06-05,993.63,,1
2020-06-08,1021.79,,1
2020-06-09,1009.46,,1
2020-06-10,982.94,,1
2020-06-11,967.36,,1
2020-06-12,972.71,,1
2020-06-15,957.28,,1
2020-06-16,999.08,,1
2020-06-17,998.3,,1
2020-06-18,981.49,,1
2020-06-19,985.74,,1
2020-06-22,980.92,,1
2020-06-23,973.13,,1
2020-06-24,991.23,,1
2020-06-25,976.85,,1
2020-06-26,975.66,,1
2020-06-29,975.34,,1
2020-06-30,972.91,,1
2020-07-01,976.15,,1
2020-07-02,989.67,,1
2020-07-03,991.42,,1
2020-07-06,995.79,,1
2020-07-07,996.69,,1
2020-07-08,1020.33,,1
2020-07-09,1012.26,,1
2020-07-10,1007.73,,1
2020-07-13,1017.06,,1
2020-07-14,1021.87,,1
2020-07-15,1020.72,,1
2020-07-16,1028.86,,1
2020-07-17,1023.42,,1
2020-07-20,1016.67,,1
2020-07-21,1031.22,,1
2020-07-22,1029.54,,1
2020-07-23,1037.34,,1
2020-07-24,1020.38,,1
2020-07-27,1028.24,,1
2020-07-28,1027.02,,1
2020-07-29,1025.76,,1
2020-07-30,1034.5,,1
2020-07-31,1034.5,,1
2020-08-03,1000.47,,1
2020-08-04,1018.49,,1
2020-08-05,1032.14,,1
2020-08-06,1044.46,,1
2020-08-07,1036.4,,1
2020-08-10,1037.96,,1
2020-08-11,1045.73,,1
2020-08-12,1057.79,,1
2020-08-13,1059.8,,1
2020-08-14,1063.06,,1
2020-08-17,1063.06,,1
2020-08-18,1074.98,,1
2020-08-19,1070.11,,1
2020-08-20,1070.11,,1
2020-08-21,1070.11,,1
2020-08-24,1069.51,,1
2020-08-25,1083.94,,1
2020-08-26,1082.49,,1
2020-08-27,1089.11,,1
2020-08-28,1082.16,,1
2020-08-31,1055.41,,1
2020-09-01,1075.65,,1
2020-09-02,1074.48,,1
2020-09-03,1066.35,,1
2020-09-04,1057.25,,1
2020-09-07,1055.67,,1
2020-09-08,1057.51,,1
2020-09-09,1032.93,,1
2020-09-10,972.76,,1
2020-09-11,1000.0,,1
2020-09-14,1031.92,,1
2020-09-15,1012.83,,1
2020-09-16,1001.95,,1
2020-09-17,994.17,,1
2020-09-18,996.6,,1
2020-09-21,981.64,,1
2020-09-22,966.07,,1
2020-09-23,962.89,,1
2020-09-24,945.16,,1
2020-09-25,971.12,,1
2020-09-28,960.44,,1
2020-09-29,953.07,,1
2020-09-30,949.98,,1
2020-10-01,976.07,,1
2020-10-02,965.77,,1
2020-10-05,974.61,,1
2020-10-06,985.77,,1
2020-10-07,988.07,,1
2020-10-08,998.17,,1
2020-10-09,1002.67,,1
2020-10-12,1013.06,,1
2020-10-13,1024.46,,1
2020-10-14,1037.41,,1
2020-10-15,1019.76,,1
2020-10-16,1019.44,,1
2020-10-19,1025.81,,1
2020-10-20,1020.57,,1
2020-10-21,1019.47,,1
2020-10-22,1019.5,,1
2020-10-23,1022.34,,1
2020-10-26,1026.39,,1
2020-10-27,1021.25,,1
2020-10-28,1021.25,,1
2020-10-29,1021.25,,1
2020-10-30,1021.25,,1
2020-11-02,1017.85,,1
2020-11-03,1026.91,,1
2020-11-04,1011.08,,1
2020-11-05,1050.78,,1
2020-11-06,1071.74,,1
2020-11-09,1077.22,,1
2020-11-10,1104.68,,1
2020-11-11,1117.27,,1
2020-11-12,1104.38,,1
2020-11-13,1104.97,,1
2020-11-16,1113.06,,1
2020-11-17,1124.6,,1
2020-11-18,1130.57,,1
2020-11-19,1136.42,,1
2020-11-20,1131.88,,1
2020-11-23,1151.81,,1
2020-11-24,1161.89,,1
2020-11-25,1155.02,,1
2020-11-26,1175.83,,1
2020-11-27,1177.3,,1
2020-11-30,1134.88,,1
2020-12-01,1162.4,,1
2020-12-02,1185.8,,1
2020-12-03,1185.61,,1
2020-12-04,1180.64,,1
2020-12-07,1209.12,,1
2020-12-08,1209.66,,1
2020-12-09,1209.66,,1
2020-12-10,1205.8,,1
2020-12-11,1203.35,,1
2020-12-14,1220.37,,1
2020-12-15,1222.04,,1
2020-12-16,1247.73,,1
2020-12-17,1245.79,,1
2020-12-18,1242.24,,1
2020-12-21,1253.66,,1
2020-12-22,1216.87,,1
2020-12-23,1214.86,,1
2020-12-24,1214.86,,1
2020-12-25,1214.86,,1
2020-12-28,1235.28,,1
2020-12-29,1222.08,,1
2020-12-30,1206.82,,1
2020-12-31,1206.82,,1
2021-01-01,1206.82,,1
2021-01-04,1236.21,,1
2021-01-05,1244.67,,1
2021-01-06,1227.26,,1
2021-01-07,1244.0,,1
2021-01-08,1268.76,,1
2021-01-11,1294.68,,1
2021-01-12,1291.85,,1
2021-01-13,1297.84,,1
2021-01-14,1294.89,,1
2021-01-15,1279.35,,1
2021-01-18,1287.09,,1
2021-01-19,1272.98,,1
2021-01-20,1301.99,,1
2021-01-21,1296.34,,1
2021-01-22,1270.4,,1
2021-01-25,1262.11,,1
2021-01-26,1238.45,,1
2021-01-27,1231.17,,1
2021-01-28,1202.74,,1
2021-01-29,1170.92,,1
2021-02-01,1217.98,,1
2021-02-02,1209.44,,1
2021-02-03,1216.02,,1
2021-02-04,1224.35,,1
2021-02-05,1232.75,,1
2021-02-08,1241.45,,1
2021-02-09,1231.22,,1
2021-02-10,1232.71,,1
2021-02-11,1234.55,,1
2021-02-12,1234.55,,1
2021-02-15,1241.99,,1
2021-02-16,1243.72,,1
2021-02-17,1224.23,,1
2021-02-18,1213.42,,1
2021-02-19,1222.7,,1
2021-02-22,1223.7,,1
2021-02-23,1230.76,,1
2021-02-24,1220.71,,1
2021-02-25,1224.8,,1
2021-02-26,1216.23,,1
2021-03-01,1240.03,,1
2021-03-02,1241.07,,1
2021-03-03,1239.85,,1
2021-03-04,1215.76,,1
2021-03-05,1205.85,,1
2021-03-08,1204.27,,1
2021-03-09,1188.35,,1
2021-03-10,1200.64,,1
2021-03-11,1200.64,,1
2021-03-12,1219.81,,1
2021-03-15,1210.91,,1
2021-03-16,1210.6,,1
2021-03-17,1206.21,,1
2021-03-18,1225.09,,1
2021-03-19,1227.73,,1
2021-03-22,1212.94,,1
2021-03-23,1205.56,,1
2021-03-24,1184.7,,1
2021-03-25,1179.92,,1
2021-03-26,1196.45,,1
2021-03-29,1191.58,,1
2021-03-30,1172.53,,1
2021-03-31,1154.37,,1
2021-04-01,1154.69,,1
2021-04-02,1154.69,,1
2021-04-05,1146.32,,1
2021-04-06,1152.38,,1
2021-04-07,1156.48,,1
2021-04-08,1162.91,,1
2021-04-09,1161.44,,1
2021-04-12,1130.8,,1
2021-04-13,1126.78,,1
2021-04-14,1154.66,,1
2021-04-15,1157.33,,1
2021-04-16,1156.52,,1
2021-04-19,1151.99,,1
2021-04-20,1150.28,,1
2021-04-21,1137.73,,1
2021-04-22,1138.49,,1
2021-04-23,1147.21,,1
2021-04-26,1135.52,,1
2021-04-27,1135.47,,1
2021-04-28,1136.43,,1
2021-04-29,1143.79,,1
2021-04-30,1140.54,,1
2021-05-03,1128.92,,1
2021-05-04,1132.86,,1
2021-05-05,1135.29,,1
2021-05-06,1132.03,,1
2021-05-07,1121.21,,1
2021-05-10,1130.45,,1
2021-05-11,1123.06,,1
2021-05-12,1123.06,,1
2021-05-13,1123.06,,1
2021-05-14,1123.06,,1
2021-05-17,1101.37,,1
2021-05-18,1099.13,,1
2021-05-19,1080.15,,1
2021-05-20,1089.81,,1
2021-05-21,1083.22,,1
2021-05-24,1079.93,,1
2021-05-25,1088.22,,1
2021-05-26,1088.22,,1
2021-05-27,1087.14,,1
2021-05-28,1091.29,,1
2021-05-31,1114.72,,1
2021-06-01,1114.72,,1
2021-06-02,1133.31,,1
2021-06-03,1148.37,,1
2021-06-04,1138.29,,1
2021-06-07,1133.22,,1
2021-06-08,1115.89,,1
2021-06-09,1121.21,,1
2021-06-10,1128.34,,1
2021-06-11,1123.58,,1
2021-06-14,1116.02,,1
2021-06-15,1118.38,,1
2021-06-16,1108.28,,1
2021-06-17,1099.65,,1
2021-06-18,1080.66,,1
2021-06-21,1075.93,,1
2021-06-22,1092.05,,1
2021-06-23,1080.44,,1
2021-06-24,1075.4,,1
2021-06-25,1077.7,,1
2021-06-28,1061.46,,1
2021-06-29,1064.68,,1
2021-06-30,1071.25,,1
2021-07-01,1076.16,,1
2021-07-02,1081.32,,1
2021-07-05,1069.0,,1
2021-07-06,1075.16,,1
2021-07-07,1072.39,,1
2021-07-08,1070.26,,1
2021-07-09,1070.77,,1
2021-07-12,1076.38,,1
2021-07-13,1064.85,,1
2021-07-14,1055.77,,1
2021-07-15,1069.51,,1
2021-07-16,1075.39,,1
2021-07-19,1063.84,,1
2021-07-20,1063.84,,1
2021-07-21,1066.63,,1
2021-07-22,1084.59,,1
2021-07-23,1071.56,,1
2021-07-26,1067.05,,1
2021-07-27,1062.94,,1
2021-07-28,1056.68,,1
2021-07-29,1061.23,,1
2021-07-30,1047.97,,1
2021-08-02,1056.3,,1
2021-08-03,1064.59,,1
2021-08-04,1069.8,,1
2021-08-05,1081.28,,1
2021-08-06,1073.11,,1
2021-08-09,1057.71,,1
2021-08-10,1056.36,,1
2021-08-11,1056.36,,1
2021-08-12,1069.65,,1
2021-08-13,1075.35,,1
2021-08-16,1072.11,,1
2021-08-17,1072.11,,1
2021-08-18,1087.17,,1
2021-08-19,1062.68,,1
2021-08-20,1069.43,,1
2021-08-23,1079.57,,1
2021-08-24,1072.37,,1
2021-08-25,1075.32,,1
2021-08-26,1066.12,,1
2021-08-27,1060.0,,1
2021-08-30,1084.83,,1
2021-08-31,1085.89,,1
2021-09-01,1080.13,,1
2021-09-02,1081.24,,1
2021-09-03,1094.38,,1
2021-09-06,1096.35,,1
2021-09-07,1093.5,,1
2021-09-08,1074.92,,1
2021-09-09,1089.7,,1
2021-09-10,1090.02,,1
2021-09-13,1085.47,,1
2021-09-14,1092.1,,1
2021-09-15,1086.87,,1
2021-09-16,1085.34,,1
2021-09-17,1085.12,,1
2021-09-20,1074.42,,1
2021-09-21,1071.46,,1
2021-09-22,1083.32,,1
2021-09-23,1087.81,,1
2021-09-24,1086.97,,1
2021-09-27,1081.35,,1
2021-09-28,1079.99,,1
2021-09-29,1093.18,,1
2021-09-30,1122.69,,1
2021-10-01,1111.03,,1
2021-10-04,1142.78,,1
2021-10-05,1134.25,,1
2021-10-06,1163.91,,1
2021-10-07,1164.1,,1
2021-10-08,1181.3,,1
2021-10-11,1181.67,,1
2021-10-12,1189.1,,1
2021-10-13,1206.53,,1
2021-10-14,1223.34,,1
2021-10-15,1223.38,,1
2021-10-18,1228.83,,1
2021-10-19,1227.13,,1
2021-10-20,1227.13,,1
2021-10-21,1217.06,,1
2021-10-22,1220.52,,1
2021-10-25,1207.96,,1
2021-10-26,1213.68,,1
2021-10-27,1200.66,,1
2021-10-28,1182.09,,1
2021-10-29,1193.44,,1
2021-11-01,1185.75,,1
2021-11-02,1172.37,,1
2021-11-03,1185.01,,1
2021-11-04,1189.22,,1
2021-11-05,1188.39,,1
2021-11-08,1192.78,,1
2021-11-09,1194.9,,1
2021-11-10,1199.06,,1
2021-11-11,1200.55,,1
2021-11-12,1193.0,,1
2021-11-15,1181.85,,1
2021-11-16,1190.43,,1
2021-11-17,1194.73,,1
2021-11-18,1186.82,,1
2021-11-19,1207.37,,1
2021-11-22,1209.83,,1
2021-11-23,1203.94,,1
2021-11-24,1204.52,,1
2021-11-25,1210.79,,1
2021-11-26,1181.23,,1
2021-11-29,1190.62,,1
2021-11-30,1168.73,,1
2021-12-01,1166.78,,1
2021-12-02,1185.42,,1
2021-12-03,1175.88,,1
2021-12-06,1175.88,,1
2021-12-07,1175.88,,1
2021-12-08,1175.88,,1
2021-12-09,1192.17,,1
2021-12-10,1188.04,,1
2021-12-13,1184.13,,1
2021-12-14,1178.66,,1
2021-12-15,1183.51,,1
2021-12-16,1174.24,,1
2021-12-17,1176.33,,1
2021-12-20,1166.62,,1
2021-12-21,1169.13,,1
2021-12-22,1159.14,,1
2021-12-23,1164.64,,1
2021-12-24,1164.24,,1
2021-12-27,1168.49,,1
2021-12-28,1173.3,,1
2021-12-29,1171.41,,1
2021-12-30,1165.55,,1
2021-12-31,1165.55,,1
2022-01-03,1180.31,,1
2022-01-04,1183.25,,1
2022-01-05,1174.22,,1
2022-01-06,1173.27,,1
2022-01-07,1184.09,,1
2022-01-10,1179.48,,1
2022-01-11,1171.87,,1
2022-01-12,1177.41,,1
2022-01-13,1184.05,,1
2022-01-14,1186.79,,1
2022-01-17,1179.97,,1
2022-01-18,1174.95,,1
2022-01-19,1167.7,,1
2022-01-20,1173.76,,1
2022-01-21,1192.21,,1
2022-01-24,1181.03,,1
2022-01-25,1167.8,,1
2022-01-26,1178.24,,1
2022-01-27,1179.07,,1
2022-01-28,1183.2,,1
2022-01-31,1173.39,,1
2022-02-01,1173.39,,1
2022-02-02,1186.09,,1
2022-02-03,1181.48,,1
2022-02-04,1187.47,,1
2022-02-07,1199.56,,1
2022-02-08,1195.68,,1
2022-02-09,1204.49,,1
2022-02-10,1204.07,,1
2022-02-11,1200.36,1198.0113281337092,0
2022-02-14,1187.35,1192.020972391866,0
2022-02-15,1203.46,1186.0187617984009,0
2022-02-16,1208.14,1180.0306652508714,0
2022-02-17,1205.35,1174.0897339632616,0
2022-02-18,1215.72,1199.283698746286,0
2022-02-21,1214.95,1193.2864832426167,0
2022-02-22,1208.87,1187.2776285921734,0
2022-02-23,1219.89,1181.2830128539983,0
2022-02-24,1204.49,1175.335674476006,0
2022-02-25,1218.48,1198.4230310937614,0
2022-02-28,1218.48,1192.4284464344712,0
2022-03-01,1221.87,1186.4231898043445,0
2022-03-02,1210.91,1180.4325297569544,0
2022-03-03,1210.91,1174.4892804551123,0
2022-03-04,1229.71,1204.8140157941452,0
2022-03-07,1223.76,1198.7883111817935,0
2022-03-08,1220.0,1192.751259747934,0
2022-03-09,1229.82,1186.7286957855044,0
2022-03-10,1237.94,1180.7537351240449,0
2022-03-11,1239.19,1231.7138871689758,0
2022-03-14,1242.82,1225.5558123700976,0
2022-03-15,1233.73,1219.3849528519545,0
2022-03-16,1250.72,1213.228404067116,0
2022-03-17,1245.09,1207.1202726942593,0
2022-03-18,1243.01,1238.8233113278482,0
2022-03-21,1244.52,1232.6282520801383,0
2022-03-22,1253.97,1226.4212126373277,0
2022-03-23,1253.43,1220.2288793084724,0
2022-03-24,1272.02,1214.0853723210769,0
2022-03-25,1259.96,1265.6257642634016,0
2022-03-28,1271.36,1259.2991906760815,0
2022-03-29,1261.15,1252.9588436486251,0
2022-03-30,1267.82,1246.6329543447819,0
2022-03-31,1268.1,1240.3567009558935,0
2022-04-01,1268.1,1261.7182523843799,0
2022-04-04,1279.37,1255.4087856865085,0
2022-04-05,1286.62,1249.0869858059662,0
2022-04-06,1277.02,1242.7801434002763,0
2022-04-07,1279.64,1236.5230346666776,0
2022-04-08,1296.03,1273.1997978364475,0
2022-04-11,1275.84,1266.8327631915217,0
2022-04-12,1284.94,1260.4533668112754,0
2022-04-13,1294.8,1254.0890995760853,0
2022-04-14,1285.9,1247.775035523471,0
2022-04-15,1285.9,1279.426070405275,0
2022-04-18,1293.14,1273.0272616206241,0
2022-04-19,1286.52,1266.616436054194,0
2022-04-20,1303.42,1260.220951815339,0
2022-04-21,1315.65,1253.8759719909933,0
2022-04-22,1306.56,1309.035395462091,0
2022-04-25,1310.37,1302.4915524960088,0
2022-04-26,1322.79,1295.9336474863617,0
2022-04-27,1321.77,1289.3907529170253,0
2022-04-28,1337.88,1282.8992169323071,0
2022-04-29,1337.88,1331.153553947289,0
2022-05-02,1337.88,1324.4991312569396,0
2022-05-03,1337.88,1317.8304380407576,0
2022-05-04,1337.88,1311.1770105719143,0
2022-05-05,1337.88,1304.5758031230814,0
2022-05-06,1337.88,1331.1464371787617,0
2022-05-09,1270.33,1324.4895860269057,0
2022-05-10,1260.13,1317.8198548709572,0
2022-05-11,1265.13,1311.1659471405026,0
2022-05-12,1224.45,1304.564523878554,0
2022-05-13,1228.9,1218.2688826558017,0
2022-05-16,1228.9,1212.1694753248132,0
2022-05-17,1234.84,1206.0618715489584,0
2022-05-18,1246.43,1199.9703556394122,0
2022-05-19,1241.43,1193.927725651128,0
2022-05-20,1253.05,1235.1812202281394,0
2022-05-23,1236.52,1229.003745610444,0
2022-05-24,1251.72,1222.8144020530954,0
2022-05-25,1243.6,1216.639864930513,0
2022-05-26,1243.6,1210.5141424562883,0
2022-05-27,1270.71,1237.3400592369467,0
2022-05-30,1271.28,1231.1517980595834,0
2022-05-31,1300.77,1224.9517154619195,0
2022-06-01,1300.77,1218.7664590350505,0
2022-06-02,1282.1,1212.630079206263,0
2022-06-03,1285.69,1275.6420349677553,0
2022-06-06,1277.19,1269.2614678740879,0
2022-06-07,1272.35,1262.8694966539033,0
2022-06-08,1279.14,1256.492956968027,0
2022-06-09,1270.47,1250.166791222232,0
2022-06-10,1243.41,1264.0724628777102,0
2022-06-13,1224.42,1257.7497972084445,0
2022-06-14,1232.05,1251.4155193169147,0
2022-06-15,1220.22,1245.0965468445452,0
2022-06-16,1233.86,1238.8275656867504,0
2022-06-17,1217.62,1227.652572782507,0
2022-06-20,1226.94,1221.5134249720782,0
2022-06-21,1239.18,1215.3619150940258,0
2022-06-22,1226.13,1209.2249859660958,0
2022-06-23,1230.92,1203.136549521827,0
2022-06-24,1233.86,1224.7251935801116,0
2022-06-27,1224.89,1218.6003863854532,0
2022-06-28,1223.03,1212.4636357957554,0
2022-06-29,1208.4,1206.3414822013708,0
2022-06-30,1202.95,1200.2676785546848,0
2022-07-01,1181.67,1196.890437618522,0
2022-07-04,1159.18,1190.9027996070768,0
2022-07-05,1174.29,1184.9045801340462,0
2022-07-06,1164.99,1178.9210890895338,0
2022-07-07,1161.65,1172.9850813056107,0
2022-07-08,1173.58,1155.8000432805018,0
2022-07-11,1172.22,1150.0183227931107,0
2022-07-12,1171.48,1144.2260695170196,0
2022-07-13,1158.23,1138.4479643418358,0
2022-07-14,1168.49,1132.715705576614,0
2022-07-15,1160.65,1162.6106729119597,0
2022-07-18,1175.11,1156.7967843135516,0
2022-07-19,1189.02,1150.971317417686,0
2022-07-20,1218.21,1145.1596492860212,0
2022-07-21,1217.65,1139.3938714886751,0
2022-07-22,1219.17,1211.5270308119464,0
2022-07-25,1214.55,1205.4707485254269,0
2022-07-26,1221.48,1199.4015964143018,0
2022-07-27,1227.13,1193.3462928559977,0
2022-07-28,1232.86,1187.338456389397,0
2022-07-29,1235.9,1226.6586107477635,0
2022-08-01,1239.43,1220.5256811418326,0
2022-08-02,1244.07,1214.3801641735013,0
2022-08-03,1256.65,1208.2489103674252,0
2022-08-04,1263.1,1202.1658567800434,0
2022-08-05,1267.89,1256.7478101200581,0
2022-08-08,1268.19,1250.4649616289173,0
2022-08-09,1269.91,1244.1689556672961,0
2022-08-10,1269.54,1237.8874404670062,0
2022-08-11,1283.43,1231.655240225569,0
2022-08-12,1275.9,1276.9761971007176,0
2022-08-15,1268.43,1270.5922031854645,0
2022-08-16,1278.03,1264.1947498251086,0
2022-08-17,1278.03,1257.8120344388692,0
2022-08-18,1288.24,1251.4794571100313,0
2022-08-19,1285.51,1281.7605984080096,0
2022-08-22,1272.97,1275.3521185756404,0
2022-08-23,1284.81,1268.9304015571706,0
2022-08-24,1289.27,1262.5236090993217,0
2022-08-25,1283.25,1256.1672170446984,0
2022-08-26,1275.72,1276.789942182763,0
2022-08-29,1273.21,1270.404450147092,0
2022-08-30,1282.04,1264.006876226941,0
2022-08-31,1283.5,1257.6245887353714,0
2022-09-01,1276.3,1251.2926960621032,0
2022-09-02,1279.22,1269.8738679799126,0
2022-09-05,1288.35,1263.522510659683,0
2022-09-06,1288.0,1257.159344234971,0
2022-09-07,1276.75,1250.8114860424062,0
2022-09-08,1285.68,1244.5138111356684,0
2022-09-09,1290.17,1279.2109986689545,0
2022-09-12,1293.96,1272.8142432368556,0
2022-09-13,1306.75,1266.4047665313692,0
2022-09-14,1298.05,1260.0104214547096,0
2022-09-15,1304.02,1253.666510702649,0
2022-09-16,1276.8,1297.4587857137114,0
2022-09-19,1284.04,1290.9710298606233,0
2022-09-20,1287.04,1284.4703422133862,0
2022-09-21,1287.17,1277.9849387258303,0
2022-09-22,1292.19,1271.5506332848206,0
2022-09-23,1284.78,1285.6882006946366,0
2022-09-26,1273.92,1279.2590754379075,0
2022-09-27,1270.47,1272.817156462104,0
2022-09-28,1263.92,1266.3904380034237,0
2022-09-29,1257.08,1260.0144048584198,0
2022-09-30,1256.64,1250.7483775856588,0
2022-10-03,1249.75,1244.4915520689528,0
2022-10-04,1260.8,1238.2235494984934,0
2022-10-05,1260.06,1231.9708821180257,0
2022-10-06,1259.87,1225.7678031336518,0
2022-10-07,1249.14,1253.5289317548577,0
2022-10-10,1244.41,1247.259960318112,0
2022-10-11,1234.36,1240.9788651276112,0
2022-10-12,1227.92,1234.7127338126104,0
2022-10-13,1221.91,1228.496092640524,0
2022-10-14,1215.46,1215.755377285396,0
2022-10-17,1214.5,1209.6734683677976,0
2022-10-18,1214.18,1203.5807222067988,0
2022-10-19,1220.53,1197.502915811596,0
2022-10-20,1244.43,1191.4733393987094,0
2022-10-21,1251.53,1238.1766978495486,0
2022-10-24,1257.65,1231.9877962012074,0
2022-10-25,1256.55,1225.7849671556976,0
2022-10-26,1257.44,1219.5961829328369,0
2022-10-27,1267.13,1213.4559578532737,0
2022-10-28,1260.56,1260.7568165727696,0
2022-10-31,1268.39,1254.4534956316693,0
2022-11-01,1258.79,1248.1371216168377,0
2022-11-02,1251.32,1241.8353871728752,0
2022-11-03,1253.67,1235.5831979319157,0
2022-11-04,1258.51,1247.3594374684992,0
2022-11-07,1270.52,1241.1210717499314,0
2022-11-08,1259.04,1234.8708105164897,0
2022-11-09,1262.13,1228.6355018959505,0
2022-11-10,1240.4,1222.4494627623485,0
2022-11-11,1266.87,1234.1483132535343,0
2022-11-14,1252.57,1227.97351791217,0
2022-11-15,1256.01,1221.788463729364,0
2022-11-16,1253.26,1215.6187604285108,0
2022-11-17,1254.05,1209.4980471341999,0
2022-11-18,1261.41,1247.7379912847884,0
2022-11-21,1253.99,1241.4979152749702,0
2022-11-22,1245.5,1235.245835342298,0
2022-11-23,1247.03,1229.008670743801,0
2022-11-24,1253.02,1222.8207724533677,0
2022-11-25,1248.49,1246.7151842862313,0
2022-11-28,1239.7,1240.480828196587,0
2022-11-29,1237.76,1234.2340913524727,0
2022-11-30,1249.46,1228.002123550074,0
2022-12-01,1237.25,1221.8193286935966,0
2022-12-02,1230.42,1231.0191129706125,0
2022-12-05,1216.25,1224.861593983729,0
2022-12-06,1192.82,1218.6928761115012,0
2022-12-07,1175.91,1212.539107186539,0
2022-12-08,1172.62,1206.434045578052,0
2022-12-09,1157.26,1166.7116860766948,0
2022-12-12,1162.39,1160.8740208373633,0
2022-12-13,1178.69,1155.0263749326912,0
2022-12-14,1177.0,1149.1933328071884,0
2022-12-15,1167.47,1143.406749982943,0
2022-12-16,1175.57,1161.5904856159732,0
2022-12-19,1168.73,1155.7800912579507,0
2022-12-20,1159.3,1149.9591290515605,0
2022-12-21,1160.84,1144.1523115940822,0
2022-12-22,1162.0,1138.3914960928998,0
2022-12-23,1154.41,1156.1512312104708,0
2022-12-26,1153.74,1150.369027277526,0
2022-12-27,1161.59,1144.5757036058903,0
2022-12-28,1152.77,1138.7962389317956,0
2022-12-29,1160.32,1133.0624651074083,0
2022-12-30,1155.95,1154.4818247444412,0
2023-01-02,1153.93,1148.7087383575267,0
2023-01-03,1161.66,1142.9241391958599,0
2023-01-04,1147.89,1137.153205166041,0
2023-01-05,1122.73,1131.4278071535048,0
2023-01-06,1127.72,1117.0849999848676,0
2023-01-09,1130.17,1111.5039405518578,0
2023-01-10,1115.66,1105.9103246176583,0
2023-01-11,1108.28,1100.328702150144,0
2023-01-12,1120.6,1094.790225627431,0
2023-01-13,1122.86,1114.98232429677,0
2023-01-16,1133.18,1109.417833632835,0
2023-01-17,1151.73,1103.8377800752603,0
2023-01-18,1151.48,1098.268354374506,0
2023-01-19,1163.11,1092.7412384802046,0
2023-01-20,1167.55,1157.28319824533,0
2023-01-23,1167.55,1151.509901979657,0
2023-01-24,1167.32,1145.7197958621346,0
2023-01-25,1159.94,1139.9402028906557,0
2023-01-26,1170.04,1134.204115923142,0
2023-01-27,1177.04,1164.1755127215893,0
2023-01-30,1171.71,1158.366655433874,0
2023-01-31,1163.5,1152.5415976923077,0
2023-02-01,1169.27,1146.7274111317192,0
2023-02-02,1174.7,1140.9571131882367,0
2023-02-03,1182.1,1168.811573659668,0
2023-02-06,1175.4,1162.979390810576,0
2023-02-07,1185.36,1157.131105922929,0
2023-02-08,1187.68,1151.293799440017,0
2023-02-09,1177.72,1145.5005767684293,0
2023-02-10,1176.61,1171.8110743115462,0
2023-02-13,1179.83,1165.9623264309173,0
2023-02-14,1188.01,1160.0984942929013,0
2023-02-15,1184.59,1154.2460390856083,0
2023-02-16,1181.11,1148.4379249525573,0
2023-02-17,1182.49,1175.1857329573006,0
2023-02-20,1183.26,1169.3205955407084,0
2023-02-21,1178.97,1163.4400415650105,0
2023-02-22,1164.84,1157.5708142283427,0
2023-02-23,1169.48,1151.7460294172502,0
2023-02-24,1173.76,1163.614783033756,0
2023-02-27,1172.57,1157.8073334873122,0
2023-02-28,1169.45,1151.984522400271,0
2023-03-01,1173.0,1146.172962731061,0
2023-03-02,1174.14,1140.4054610608432,0
2023-03-03,1164.68,1168.2527993990723,0
2023-03-06,1164.31,1162.4229186238445,0
2023-03-07,1157.86,1156.5773252016106,0
2023-03-08,1159.91,1150.7428668329383,0
2023-03-09,1165.45,1144.9525442857612,0
2023-03-10,1158.06,1159.6075526748523,0
2023-03-13,1159.9,1153.8211183346987,0
2023-03-14,1132.98,1148.0188754312653,0
2023-03-15,1129.45,1142.2276306222254,0
2023-03-16,1118.59,1136.4801842993784,0
2023-03-17,1138.76,1112.9740181864497,0
2023-03-20,1126.02,1107.4171847472267,0
2023-03-21,1142.61,1101.8468350408996,0
2023-03-22,1142.61,1096.2877538100004,0
2023-03-23,1142.61,1090.7710742765157,0
2023-03-24,1156.97,1136.8810577798906,0
2023-03-27,1144.8,1131.2079257619419,0
2023-03-28,1154.28,1125.519477821674,0
2023-03-29,1167.85,1119.8418446248631,0
2023-03-30,1158.05,1114.2071481359826,0
2023-03-31,1157.0,1152.2416069506774,0
2023-04-03,1161.09,1146.4914189879935,0
2023-04-04,1159.73,1140.726088415233,0
2023-04-05,1156.45,1134.971801331099,0
2023-04-06,1151.45,1129.2610343009123,0
2023-04-07,1151.45,1145.673532674773,0
2023-04-10,1147.83,1139.9554099447346,0
2023-04-11,1155.59,1134.2224959153523,0
2023-04-12,1155.1,1128.5007328172276,0
2023-04-13,1154.76,1122.822352614474,0
2023-04-14,1161.28,1148.9694926128384,0
2023-04-17,1153.19,1143.2358002268766,0
2023-04-18,1158.32,1137.4867733953472,0
2023-04-19,1158.32,1131.7487341985395,0
2023-04-20,1158.32,1126.0541131145362,0
2023-04-21,1158.32,1152.5117157761215,0
2023-04-24,1158.32,1146.7603890248336,0
2023-04-25,1158.32,1140.9936674367877,0
2023-04-26,1175.71,1135.23795783784,0
2023-04-27,1176.04,1129.5257932254856,0
2023-04-28,1175.72,1170.1454698307098,0
2023-05-01,1175.72,1164.3072386220292,0
2023-05-02,1165.26,1158.4528494304836,0
2023-05-03,1157.07,1152.6093885901398,0
2023-05-04,1162.38,1146.80999945554,0
2023-05-05,1150.31,1156.551395287072,0
2023-05-08,1146.41,1150.77970468115,0
2023-05-09,1151.33,1144.9925842568766,0
2023-05-10,1159.24,1139.2165687082156,0
2023-05-11,1150.15,1133.4842982657362,0
2023-05-12,1142.16,1144.3800690435712,0
2023-05-15,1145.73,1138.6684352902166,0
2023-05-16,1137.53,1132.9420101010523,0
2023-05-17,1135.56,1127.2267193549897,0
2023-05-18,1135.56,1121.5547644371707,0
2023-05-19,1143.15,1129.8646813000512,0
2023-05-22,1149.03,1124.2257399307232,0
2023-05-23,1148.94,1118.5719407049007,0
2023-05-24,1150.96,1112.9290864240297,0
2023-05-25,1142.89,1107.3290217176473,0
2023-05-26,1140.47,1137.1562796659914,0
2023-05-29,1145.55,1131.480709576101,0
2023-05-30,1141.72,1125.790482012118,0
2023-05-31,1148.73,1120.1113131789655,0
2023-06-01,1148.73,1114.4751928027422,0
2023-06-02,1148.73,1142.9704878582572,0
2023-06-05,1148.27,1137.267027311211,0
2023-06-06,1151.12,1131.5481590269467,0
2023-06-07,1151.29,1125.8401542283532,0
2023-06-08,1160.79,1120.1753072494305,0
2023-06-09,1164.56,1154.9731056771388,0
2023-06-12,1164.64,1149.2107617984204,0
2023-06-13,1161.57,1143.4322588452724,0
2023-06-14,1159.3,1137.6645049612412,0
2023-06-15,1162.31,1131.9402558916183,0
2023-06-16,1160.88,1156.4823248820883,0
2023-06-19,1158.77,1150.7113787959572,0
2023-06-20,1154.09,1144.9248736506006,0
2023-06-21,1162.61,1139.1493748246182,0
2023-06-22,1152.08,1133.4175495045456,0
2023-06-23,1150.15,1146.2995780046094,0
2023-06-26,1152.93,1140.57812683993,0
2023-06-27,1151.35,1134.842020961714,0
2023-06-28,1151.35,1129.1171199338335,0
2023-06-29,1151.35,1123.4356442335666,0
2023-06-30,1151.35,1145.57632661435,0
2023-07-03,1160.2,1139.8594064881256,0
2023-07-04,1157.73,1134.1272537480008,0
2023-07-05,1165.3,1128.406095448987,0
2023-07-06,1170.9,1122.72825414035,0
2023-07-07,1160.53,1165.0319171814492,0
2023-07-10,1162.7,1159.2193228852082,0
2023-07-11,1170.94,1153.3905215541322,0
2023-07-12,1173.12,1147.5725766898959,0
2023-07-13,1172.28,1141.7985108467667,0
2023-07-14,1180.78,1166.4020925029683,0
2023-07-17,1180.2,1160.5816968703423,0
2023-07-18,1171.6,1154.7456421227037,0
2023-07-19,1171.6,1148.9206734635445,0
2023-07-20,1177.26,1143.1397326714116,0
2023-07-21,1180.26,1171.358372041319,0
2023-07-24,1180.18,1165.5134885561297,0
2023-07-25,1178.16,1159.6526572644548,0
2023-07-26,1183.25,1153.8029118483946,0
2023-07-27,1171.83,1147.9973786976789,0
2023-07-28,1174.6,1165.950021351349,0
2023-07-31,1180.14,1160.1303859746295,0
2023-08-01,1174.92,1154.295936569036,0
2023-08-02,1169.95,1148.4729067393612,0
2023-08-03,1178.63,1142.6940495156637,0
2023-08-04,1171.47,1172.7221146064905,0
2023-08-07,1177.86,1166.8705338934403,0
2023-08-08,1173.5,1161.0028712213998,0
2023-08-09,1174.02,1155.1462846723446,0
2023-08-10,1175.41,1149.3339634594092,0
2023-08-11,1173.66,1169.516266060645,0
2023-08-14,1180.05,1163.6801028388454,0
2023-08-15,1180.57,1157.8282735545324,0
2023-08-16,1178.11,1151.987615702042,0
2023-08-17,1178.11,1146.1911511725075,0
2023-08-18,1168.58,1172.2021188948179,0
2023-08-21,1166.18,1166.3523986810953,0
2023-08-22,1175.22,1160.4870933055208,0
2023-08-23,1173.07,1154.6330181266433,0
2023-08-24,1168.68,1148.8232463983936,0
2023-08-25,1168.06,1162.8178644996258,0
2023-08-28,1171.68,1157.0144248102497,0
2023-08-29,1179.01,1151.1958200211182,0
2023-08-30,1180.66,1145.388480140952,0
2023-08-31,1177.19,1139.6251523614085,0
2023-09-01,1182.33,1171.286335029629,0
2023-09-04,1185.1,1165.441152646411,0
2023-09-05,1184.04,1159.5804623373022,0
2023-09-06,1183.46,1153.7309979034994,0
2023-09-07,1174.96,1147.9257944910844,0
2023-09-08,1168.76,1169.0647649921525,0
2023-09-11,1177.21,1163.2296912603524,0
2023-09-12,1171.16,1157.3796807873705,0
2023-09-13,1172.25,1151.541096268525,0
2023-09-14,1172.95,1145.746795503958,0
2023-09-15,1179.58,1167.0682616615215,0
2023-09-18,1170.96,1161.244158591927,0
2023-09-19,1179.82,1155.4044886454699,0
2023-09-20,1186.36,1149.5760031932991,0
2023-09-21,1182.17,1143.7916412417492,0
2023-09-22,1186.22,1176.2416878244208,0
2023-09-25,1180.65,1170.371919169058,0
2023-09-26,1167.63,1164.4865074373947,0
2023-09-27,1169.39,1158.6123345771457,0
2023-09-28,1169.39,1152.7825904974625,0
2023-09-29,1168.52,1163.5252904308727,0
2023-10-02,1172.07,1157.718508849566,0
2023-10-03,1168.2,1151.8963745380595,0
2023-10-04,1156.62,1146.0854747033513,0
2023-10-05,1153.56,1140.3186126451221,0
2023-10-06,1157.12,1147.7721894023819,0
2023-10-09,1156.01,1142.0431200038279,0
2023-10-10,1159.05,1136.2993942863575,0
2023-10-11,1156.12,1130.5669566766005,0
2023-10-12,1151.95,1124.8780637337593,0
2023-10-13,1146.28,1146.1714618087212,0
2023-10-16,1140.66,1140.450935656102,0
2023-10-17,1141.5,1134.7155236454214,0
2023-10-18,1133.6,1128.9912546366013,0
2023-10-19,1115.08,1123.3103947216844,0
2023-10-20,1114.85,1109.4795822209956,0
2023-10-23,1098.24,1103.9397333754123,0
2023-10-24,1111.33,1098.3868023192836,0
2023-10-25,1112.6,1092.8452119195063,0
2023-10-26,1088.71,1087.3459171626398,0
2023-10-27,1092.94,1083.24144213531,0
2023-10-30,1085.85,1077.8324857406903,0
2023-10-31,1092.01,1072.410844314834,0
2023-11-01,1073.58,1067.0002988430945,0
2023-11-02,1095.35,1061.631057109375,0
2023-11-03,1101.71,1089.8629512404968,0
2023-11-06,1118.7,1084.4256085599366,0
2023-11-07,1111.22,1078.9726655870695,0
2023-11-08,1102.25,1073.529846413661,0
2023-11-09,1104.46,1068.1281346496712,0
2023-11-10,1099.12,1098.921329003909,0
2023-11-13,1099.09,1093.437246779409,0
2023-11-14,1101.78,1087.9385746959401,0
2023-11-15,1101.78,1082.4504435542344,0
2023-11-16,1119.62,1077.0038559367242,0
2023-11-17,1115.38,1114.01269839442,0
2023-11-20,1117.64,1108.455744571855,0
2023-11-21,1115.49,1102.882569897349,0
2023-11-22,1109.69,1097.3195344292444,0
2023-11-23,1123.37,1091.798365962275,0
2023-11-24,1124.07,1117.7413179083758,0
2023-11-27,1125.47,1112.1648919397521,0
2023-11-28,1126.95,1106.5727066175764,0
2023-11-29,1127.54,1100.9908920381502,0
2023-11-30,1133.82,1095.4511722122354,0
2023-12-01,1144.36,1128.1372289307913,0
2023-12-04,1142.5,1122.508505811212,0
2023-12-05,1143.86,1116.8642011577301,0
2023-12-06,1140.38,1111.23045662386,0
2023-12-07,1148.96,1105.6392238351211,0
2023-12-08,1157.55,1143.2016357032132,0
2023-12-11,1138.73,1137.4978253248241,0
2023-12-12,1145.93,1131.7781790039794,0
2023-12-13,1134.22,1126.0692187273285,0
2023-12-14,1157.34,1120.403331086629,0
2023-12-15,1159.08,1151.5438679595045,0
2023-12-18,1147.17,1145.799593843984,0
2023-12-19,1160.22,1140.0385684752566,0
2023-12-20,1164.9,1134.2880567429586,0
2023-12-21,1164.71,1128.5808475253395,0
2023-12-22,1167.82,1158.8708294296173,0
2023-12-25,1167.82,1153.0883388083894,0
2023-12-26,1167.82,1147.2901389667338,0
2023-12-27,1170.55,1141.5028810075707,0
2023-12-28,1180.28,1135.7593251323585,0
2023-12-29,1172.63,1174.3658039219931,0
2024-01-01,1172.63,1168.506904589305,0
2024-01-02,1183.32,1162.6315124333187,0
2024-01-03,1177.19,1156.767008021453,0
2024-01-04,1192.63,1150.9467084025994,0
2024-01-05,1187.53,1186.6550960848624,0
2024-01-08,1176.46,1180.7351732560678,0
2024-01-09,1166.6,1174.7983741144037,0
2024-01-10,1167.38,1168.872515372392,0
2024-01-11,1167.12,1162.99130630955,0
2024-01-12,1173.53,1161.2661440399054,0
2024-01-15,1169.32,1155.4703746800283,0
2024-01-16,1170.6,1149.6593988155437,0
2024-01-17,1160.39,1143.8596968489692,0
2024-01-18,1167.43,1138.1039834495793,0
2024-01-19,1166.38,1161.5767144435245,0
2024-01-22,1167.18,1155.78008991617,0
2024-01-23,1165.71,1149.9678403951586,0
2024-01-24,1161.09,1144.1667096843394,0
2024-01-25,1155.11,1138.409509078643,0
2024-01-26,1145.96,1149.314142251316,0
2024-01-29,1153.98,1143.5773454379826,0
2024-01-30,1164.47,1137.8259145763918,0
2024-01-31,1168.24,1132.0857880844806,0
2024-02-01,1170.75,1126.389259614478,0
2024-02-02,1178.12,1164.881148380544,0
2024-02-05,1166.16,1159.0687061139715,0
2024-02-06,1172.5,1153.2403485646498,0
2024-02-07,1171.86,1147.4229794338821,0
2024-02-08,1171.86,1141.6495591014836,0
2024-02-09,1171.86,1165.9834618719847,0
2024-02-12,1181.6,1160.164740225843,0
2024-02-13,1165.16,1154.3305137750233,0
2024-02-14,1165.16,1148.507463963728,0
2024-02-15,1180.83,1142.7284912900243,0
2024-02-16,1186.12,1174.913710143552,0
2024-02-19,1176.33,1169.0519899530534,0
2024-02-20,1188.65,1163.1736493840474,0
2024-02-21,1187.09,1157.3062252473978,0
2024-02-22,1184.25,1151.4830774937345,0
2024-02-23,1175.59,1178.310550747402,0
2024-02-26,1171.51,1172.4301341864925,0
2024-02-27,1173.3,1166.5341961358822,0
2024-02-28,1177.56,1160.6495904389656,0
2024-02-29,1172.96,1154.8095345294332,0
2024-03-01,1172.2,1167.0764697449501,0
2024-03-04,1166.71,1161.2517345728877,0
2024-03-05,1161.95,1155.4117651685708,0
2024-03-06,1180.81,1149.5831115338608,0
2024-03-07,1186.19,1143.7986455108264,0
2024-03-08,1188.4,1180.2458974328963,0
2024-03-11,1188.4,1174.3574887950585,0
2024-03-12,1188.4,1168.452536578194,0
2024-03-13,1197.15,1162.5585632034579,0
2024-03-14,1201.01,1156.709051812275,0
2024-03-15,1182.9,1194.990184118146,0
2024-03-18,1181.48,1189.0278406221823,0
2024-03-19,1186.52,1183.049035519323,0
2024-03-20,1185.8,1177.0814273969265,0
2024-03-21,1187.73,1171.1588556559977,0
2024-03-22,1190.35,1181.7744736189147,0
2024-03-25,1190.35,1175.8770707283543,0
2024-03-26,1190.35,1169.9638459847772,0
2024-03-27,1183.5,1164.0619275505987,0
2024-03-28,1179.85,1158.2046832214085,0
2024-03-29,1179.85,1173.930827138601,0
2024-04-01,1166.46,1168.0714693508514,0
2024-04-02,1173.2,1162.1970121603688,0
2024-04-03,1161.81,1156.3340346475434,0
2024-04-04,1178.16,1150.5155533800223,0
2024-04-05,1175.24,1172.2563292539282,0
2024-04-08,1175.24,1166.4074530156818,0
2024-04-09,1175.24,1160.5421490763263,0
2024-04-10,1175.24,1154.6878372374126,0
2024-04-11,1175.24,1148.8777694971582,0
2024-04-12,1175.24,1169.3463751265047,0
2024-04-15,1175.24,1163.5107683549882,0
2024-04-16,1147.96,1157.6596380604904,0
2024-04-17,1134.22,1151.8197431406188,0
2024-04-18,1139.53,1146.0240743322463,0
2024-04-19,1122.79,1133.8135606831147,0
2024-04-22,1125.84,1128.154081173249,0
2024-04-23,1134.12,1122.4799586607294,0
2024-04-24,1137.54,1116.8170163748787,0
2024-04-25,1129.96,1111.197153194392,0
2024-04-26,1102.82,1124.2911510694405,0
2024-04-29,1126.03,1118.6795572277765,0
2024-04-30,1139.47,1113.0534651563542,0
2024-05-01,1139.47,1107.4383635149406,0
2024-05-02,1112.76,1101.8658853621614,0
2024-05-03,1118.39,1107.1703236324931,0
2024-05-06,1121.86,1101.6420131367686,0
2024-05-07,1115.07,1096.1007853245346,0
2024-05-08,1114.8,1090.5708590618622,0
2024-05-09,1114.8,1085.083101825976,0
2024-05-10,1114.8,1109.2089231392813,0
2024-05-13,1115.55,1103.6731062471808,0
2024-05-14,1114.87,1098.1226705177546,0
2024-05-15,1127.91,1092.5829686910715,0
2024-05-16,1138.03,1087.0852734195896,0
2024-05-17,1147.24,1132.32890102591,0
2024-05-20,1136.81,1126.6801507321989,0
2024-05-21,1118.22,1121.0152016268737,0
2024-05-22,1122.94,1115.3606505914786,0
2024-05-23,1122.94,1109.7486909544086,0
2024-05-24,1122.94,1117.3080931836635,0
2024-05-27,1100.21,1111.7318915173807,0
2024-05-28,1114.57,1106.1409744943967,0
2024-05-29,1097.39,1100.5608607894546,0
2024-05-30,1088.34,1095.023047205918,0
2024-05-31,1084.83,1082.876148735196,0
2024-06-03,1106.43,1077.4697400371379,0
2024-06-04,1112.32,1072.0501402542122,0
2024-06-05,1090.71,1066.6414783262924,0
2024-06-06,1101.03,1061.2740555368496,0
2024-06-07,1095.15,1095.5100658630004,0
2024-06-10,1092.26,1090.0432450224207,0
2024-06-11,1072.19,1084.5616010685583,0
2024-06-12,1067.03,1079.0904215183928,0
2024-06-13,1063.01,1073.6606714238721,0
2024-06-14,1043.59,1057.6752443834425,0
2024-06-17,1043.59,1052.3951976177493,0
2024-06-18,1043.59,1047.1018946855743,0
2024-06-19,1038.73,1041.8191566327268,0
2024-06-20,1053.81,1036.5766581521314,0
2024-06-21,1073.55,1048.5299377560968,0
2024-06-24,1075.06,1043.2984234454943,0
2024-06-25,1072.33,1038.052104596643,0
2024-06-26,1074.19,1032.8156117044082,0
2024-06-27,1085.8,1027.6187137336588,0
2024-06-28,1103.1,1080.3600345021969,0
2024-07-01,1109.22,1074.9703827524443,0
2024-07-02,1104.47,1069.5653839883332,0
2024-07-03,1112.27,1064.1703406186327,0
2024-07-04,1114.37,1058.8159450577386,0
2024-07-05,1121.39,1108.7840384592982,0
2024-07-08,1127.14,1103.251844296191,0
2024-07-09,1129.08,1097.7044538235632,0
2024-07-10,1133.12,1092.1674422483688,0
2024-07-11,1136.7,1086.6721913123022,0
2024-07-12,1141.65,1131.0022837491701,0
2024-07-15,1136.45,1125.3592257545151,0
2024-07-16,1132.55,1119.7006442729323,0
2024-07-17,1139.32,1114.0526532403858,0
2024-07-18,1149.45,1108.4472659033324,0
2024-07-19,1142.35,1143.6905302567154,0
2024-07-22,1146.3,1137.9846951757356,0
2024-07-23,1146.22,1132.2627552217589,0
2024-07-24,1137.03,1126.551411869344,0
2024-07-25,1135.98,1120.8831219650478,0
2024-07-26,1140.84,1130.2815815874678,0
2024-07-29,1138.29,1124.6403175127698,0
2024-07-30,1130.58,1118.9843978463014,0
2024-07-31,1136.8,1113.3394785085318,0
2024-08-01,1149.14,1107.7373706980109,0
2024-08-02,1145.35,1143.3824949876712,0
2024-08-05,1105.76,1137.6781679333099,0
2024-08-06,1117.66,1131.9576597498801,0
2024-08-07,1128.29,1126.2477572020057,0
2024-08-08,1122.32,1120.580926595792,0
2024-08-09,1134.75,1116.690574832972,0
2024-08-12,1134.88,1111.1172778986156,0
2024-08-13,1139.94,1105.529380422621,0
2024-08-14,1152.41,1099.9523222298303,0
2024-08-15,1146.97,1094.4175618064592,0
2024-08-16,1150.42,1141.2184258755483,0
2024-08-19,1151.83,1135.5235930678336,0
2024-08-20,1162.15,1129.8135317374883,0
2024-08-21,1162.8,1124.1143363979998,0
2024-08-22,1153.89,1118.4582223088348,0
2024-08-23,1163.48,1148.1009063894085,0
2024-08-26,1170.17,1142.3707215615336,0
2024-08-27,1169.55,1136.6257775919423,0
2024-08-28,1173.62,1130.8919915202391,0
2024-08-29,1166.47,1125.201652914257,0
2024-08-30,1173.52,1160.6184946948288,0
2024-09-02,1177.48,1154.826034022562,0
2024-09-03,1167.04,1149.0185233492816,0
2024-09-04,1167.05,1143.2222503673838,0
2024-09-05,1170.4,1137.4698832462607,0
2024-09-06,1175.68,1164.5314801575425,0
2024-09-09,1173.41,1158.7201400127203,0
2024-09-10,1177.5,1152.8931932911853,0
2024-09-11,1175.24,1147.0773816268952,0
2024-09-12,1184.88,1141.3055877579047,0
2024-09-13,1184.3,1178.9417739014616,0
2024-09-16,1184.3,1173.0595605880458,0
2024-09-17,1192.83,1167.1609792379847,0
2024-09-18,1195.71,1161.2734339218332,0
2024-09-19,1207.82,1155.4303341844447,0
2024-09-20,1192.81,1201.7688929731983,0
2024-09-23,1211.27,1195.7736544413979,0
2024-09-24,1211.19,1189.761317248512,0
2024-09-25,1208.19,1183.7600308506492,0
2024-09-26,1209.66,1177.8039391324105,0
2024-09-27,1196.49,1203.5944147137288,0
2024-09-30,1172.02,1197.588261684188,0
2024-10-01,1190.73,1191.5660127310489,0
2024-10-02,1174.9,1185.5552404335365,0
2024-10-03,1171.46,1179.5899236168439,0
2024-10-04,1161.09,1165.5818022144756,0
2024-10-07,1165.7,1159.7634928642808,0
2024-10-08,1175.36,1153.930420414259,0
2024-10-09,1165.86,1148.108892165891,0
2024-10-10,1160.66,1142.3316402762048,0
2024-10-11,1168.76,1154.8364265628377,0
2024-10-14,1173.5,1149.072052334094,0
2024-10-15,1187.21,1143.2929460863254,0
2024-10-16,1190.88,1137.525205101876,0
2024-10-17,1201.78,1131.8012849672223,0
2024-10-18,1205.28,1195.7592725441962,0
2024-10-21,1208.32,1189.7941110767133,0
2024-10-22,1206.48,1183.811896573005,0
2024-10-23,1206.63,1177.8406542423313,0
2024-10-24,1194.33,1171.914368538399,0
2024-10-25,1189.61,1188.3360829416226,0
2024-10-28,1181.36,1182.4043698450428,0
2024-10-29,1177.72,1176.4577617201414,0
2024-10-30,1171.84,1170.5228649334954,0
2024-10-31,1169.89,1164.6330201986016,0
2024-11-01,1157.25,1164.0208112228252,0
2024-11-04,1154.3,1158.2106890980813,0
2024-11-05,1159.24,1152.3855986046472,0
2024-11-06,1138.29,1146.5719448120299,0
2024-11-07,1117.03,1140.8024642049186,0
2024-11-08,1120.76,1111.4166608520236,0
2024-11-11,1114.54,1105.8658261793926,0
2024-11-12,1120.35,1100.3025068568481,0
2024-11-13,1117.28,1094.7508483208937,0
2024-11-14,1102.64,1089.2417301859064,0
2024-11-15,1094.43,1097.1040402282679,0
2024-11-18,1093.81,1091.6265588077028,0
2024-11-19,1106.36,1086.1357429309405,0
2024-11-20,1102.94,1080.6560112579223,0
2024-11-21,1095.03,1075.2180615538468,0
2024-11-22,1104.49,1089.5353937529023,0
2024-11-25,1121.44,1084.0968950761257,0
2024-11-26,1109.98,1078.644538119741,0
2024-11-27,1109.98,1073.202916294203,0
2024-11-28,1101.91,1067.8026453593639,0
2024-11-29,1085.86,1096.3807514077212,0
2024-12-02,1071.76,1090.9081822744704,0
2024-12-03,1098.63,1085.421696368984,0
2024-12-04,1120.05,1079.9459867049663,0
2024-12-05,1115.09,1074.5118538156132,0
2024-12-06,1120.55,1109.5003080052934,0
2024-12-09,1131.24,1103.964449964932,0
2024-12-10,1135.73,1098.413367777314,0
2024-12-11,1135.15,1092.8726891443207,0
2024-12-12,1119.87,1087.3738257324546,0
2024-12-13,1107.58,1114.248835851712,0
2024-12-16,1095.99,1108.686746316398,0
2024-12-17,1072.96,1103.1108588364373,0
2024-12-18,1063.91,1097.5459921812326,0
2024-12-19,1041.69,1092.023374884195,0
2024-12-20,1040.38,1036.453838909697,0
2024-12-23,1062.25,1031.2766944061145,0
2024-12-24,1055.5,1026.0881999818678,0
2024-12-25,1055.5,1020.9107482448433,0
2024-12-26,1055.5,1015.7730731420003,0
2024-12-27,1050.36,,0
2024-12-30,1057.56,,0
2024-12-31,1057.56,,0
